,feature_idx,cv_scores,avg_score,feature_names,ci_bound,std_dev,std_err
1,"(51,)",[-0.43226527 -0.39506038 -0.37531349 -0.4213723  -0.36843703],-0.39848969428453573,"('_HouseStyle_4',)",0.03208834729977006,0.024965824345843792,0.012482912172921896
2,"(51, 78)",[-0.35879386 -0.31823059 -0.32797229 -0.37193337 -0.30701828],-0.33678967874027843,"('_HouseStyle_4', '_Foundation_1')",0.03162852399990806,0.024608066196842363,0.01230403309842118
3,"(3, 51, 78)",[-0.28910334 -0.27101033 -0.26065464 -0.30542062 -0.24013072],-0.273263932075408,"('_GrLivArea', '_HouseStyle_4', '_Foundation_1')",0.029007861664069705,0.022569101867047227,0.011284550933523613
4,"(3, 6, 51, 78)",[-0.25103285 -0.21657176 -0.23303249 -0.25221498 -0.20711892],-0.23199419835473734,"('_GrLivArea', '_BuildingAge', '_HouseStyle_4', '_Foundation_1')",0.023199835222029442,0.018050259977392406,0.009025129988696201
5,"(3, 6, 7, 51, 78)",[-0.21091274 -0.17735912 -0.21484145 -0.23158402 -0.18922856],-0.20478517980355854,"('_GrLivArea', '_BuildingAge', '_TotalBsmtSF', '_HouseStyle_4', '_Foundation_1')",0.024730083609997622,0.019240845210798857,0.009620422605399429
6,"(3, 6, 7, 16, 51, 78)",[-0.20827923 -0.16699069 -0.21702758 -0.21742088 -0.18312044],-0.19856776380064914,"('_GrLivArea', '_BuildingAge', '_TotalBsmtSF', '_OverallCond', '_HouseStyle_4', '_Foundation_1')",0.025873956389166636,0.020130817094110232,0.010065408547055116
7,"(3, 6, 7, 10, 16, 51, 78)",[-0.18291925 -0.17243523 -0.19938001 -0.20171151 -0.17046516],-0.1853822335149548,"('_GrLivArea', '_BuildingAge', '_TotalBsmtSF', '_Electrical', '_OverallCond', '_HouseStyle_4', '_Foundation_1')",0.016844600695910195,0.013105671607866999,0.006552835803933499
8,"(3, 6, 7, 10, 13, 16, 51, 78)",[-0.19679174 -0.16926265 -0.19855388 -0.19763766 -0.15808553],-0.18406629174348177,"('_GrLivArea', '_BuildingAge', '_TotalBsmtSF', '_Electrical', '_LotArea', '_OverallCond', '_HouseStyle_4', '_Foundation_1')",0.021888902403337282,0.0170303097077534,0.0085151548538767
9,"(3, 5, 6, 7, 10, 13, 16, 51, 78)",[-0.17602676 -0.16049742 -0.20216418 -0.20373861 -0.157724  ],-0.18003019566032846,"('_GrLivArea', '_OverallQual', '_BuildingAge', '_TotalBsmtSF', '_Electrical', '_LotArea', '_OverallCond', '_HouseStyle_4', '_Foundation_1')",0.025363745126755103,0.01973385539840056,0.00986692769920028
10,"(3, 5, 6, 7, 10, 13, 16, 51, 73, 78)",[-0.17530443 -0.14944973 -0.19480446 -0.16870036 -0.16407243],-0.17046628312931555,"('_GrLivArea', '_OverallQual', '_BuildingAge', '_TotalBsmtSF', '_Electrical', '_LotArea', '_OverallCond', '_HouseStyle_4', '_Neighborhood_2', '_Foundation_1')",0.019076506045463768,0.014842169794980013,0.0074210848974900065
11,"(3, 5, 6, 7, 10, 13, 16, 17, 51, 73, 78)",[-0.17024191 -0.15981671 -0.16631487 -0.17690091 -0.16021296],-0.16669747199616497,"('_GrLivArea', '_OverallQual', '_BuildingAge', '_TotalBsmtSF', '_Electrical', '_LotArea', '_OverallCond', '_Neighborhood_9', '_HouseStyle_4', '_Neighborhood_2', '_Foundation_1')",0.008254196714120615,0.006422045465777324,0.0032110227328886617
12,"(1, 3, 5, 6, 7, 10, 13, 16, 17, 51, 73, 78)",[-0.1534214  -0.1706952  -0.20155603 -0.16073069 -0.15629965],-0.168540593343288,"('_BldgType_1', '_GrLivArea', '_OverallQual', '_BuildingAge', '_TotalBsmtSF', '_Electrical', '_LotArea', '_OverallCond', '_Neighborhood_9', '_HouseStyle_4', '_Neighborhood_2', '_Foundation_1')",0.022513416540900732,0.01751620292357561,0.008758101461787805
13,"(1, 3, 5, 6, 7, 10, 13, 16, 17, 25, 51, 73, 78)",[-0.16151037 -0.15103148 -0.18355319 -0.16492144 -0.17015819],-0.16623493309545717,"('_BldgType_1', '_GrLivArea', '_OverallQual', '_BuildingAge', '_TotalBsmtSF', '_Electrical', '_LotArea', '_OverallCond', '_Neighborhood_9', '_HouseStyle_3', '_HouseStyle_4', '_Neighborhood_2', '_Foundation_1')",0.013729235058064618,0.010681811302413136,0.005340905651206567
14,"(1, 3, 5, 6, 7, 10, 13, 16, 17, 25, 51, 73, 77, 78)",[-0.16413088 -0.14733298 -0.17960243 -0.17887516 -0.15002927],-0.16399414463110223,"('_BldgType_1', '_GrLivArea', '_OverallQual', '_BuildingAge', '_TotalBsmtSF', '_Electrical', '_LotArea', '_OverallCond', '_Neighborhood_9', '_HouseStyle_3', '_HouseStyle_4', '_Neighborhood_2', '_OpenPorchSF', '_Foundation_1')",0.017601392447763795,0.013694481301512261,0.00684724065075613
15,"(1, 3, 5, 6, 7, 10, 13, 16, 17, 25, 36, 51, 73, 77, 78)",[-0.17263457 -0.14225969 -0.1791861  -0.15900596 -0.17717455],-0.16605217446273213,"('_BldgType_1', '_GrLivArea', '_OverallQual', '_BuildingAge', '_TotalBsmtSF', '_Electrical', '_LotArea', '_OverallCond', '_Neighborhood_9', '_HouseStyle_3', '_MSZoning_1', '_HouseStyle_4', '_Neighborhood_2', '_OpenPorchSF', '_Foundation_1')",0.017765553549015364,0.013822204215378138,0.006911102107689069
16,"(1, 3, 5, 6, 7, 10, 13, 16, 17, 25, 29, 36, 51, 73, 77, 78)",[-0.17549302 -0.14951792 -0.17131611 -0.18421601 -0.1507853 ],-0.16626567098446965,"('_BldgType_1', '_GrLivArea', '_OverallQual', '_BuildingAge', '_TotalBsmtSF', '_Electrical', '_LotArea', '_OverallCond', '_Neighborhood_9', '_HouseStyle_3', '_Neighborhood_1', '_MSZoning_1', '_HouseStyle_4', '_Neighborhood_2', '_OpenPorchSF', '_Foundation_1')",0.017744416072209685,0.01380575854031376,0.00690287927015688
17,"(1, 3, 5, 6, 7, 8, 10, 13, 16, 17, 25, 29, 36, 51, 73, 77, 78)",[-0.16026321 -0.16180926 -0.17638244 -0.16057642 -0.15154766],-0.16211579899689504,"('_BldgType_1', '_GrLivArea', '_OverallQual', '_BuildingAge', '_TotalBsmtSF', '_Functional', '_Electrical', '_LotArea', '_OverallCond', '_Neighborhood_9', '_HouseStyle_3', '_Neighborhood_1', '_MSZoning_1', '_HouseStyle_4', '_Neighborhood_2', '_OpenPorchSF', '_Foundation_1')",0.010300276836968741,0.008013965313419798,0.004006982656709899
18,"(1, 3, 5, 6, 7, 8, 10, 13, 14, 16, 17, 25, 29, 36, 51, 73, 77, 78)",[-0.16749661 -0.1450769  -0.16963529 -0.16102713 -0.16315319],-0.16127782219757303,"('_BldgType_1', '_GrLivArea', '_OverallQual', '_BuildingAge', '_TotalBsmtSF', '_Functional', '_Electrical', '_LotArea', '_GarageArea', '_OverallCond', '_Neighborhood_9', '_HouseStyle_3', '_Neighborhood_1', '_MSZoning_1', '_HouseStyle_4', '_Neighborhood_2', '_OpenPorchSF', '_Foundation_1')",0.011124567136753213,0.008655291170502802,0.0043276455852514
19,"(1, 3, 5, 6, 7, 8, 10, 13, 14, 16, 17, 25, 29, 36, 51, 73, 77, 78, 79)",[-0.14672965 -0.16599186 -0.17459258 -0.1565973  -0.16461297],-0.1617048724370453,"('_BldgType_1', '_GrLivArea', '_OverallQual', '_BuildingAge', '_TotalBsmtSF', '_Functional', '_Electrical', '_LotArea', '_GarageArea', '_OverallCond', '_Neighborhood_9', '_HouseStyle_3', '_Neighborhood_1', '_MSZoning_1', '_HouseStyle_4', '_Neighborhood_2', '_OpenPorchSF', '_Foundation_1', '_MSSubClass_2')",0.012101860132771454,0.00941565832326014,0.00470782916163007
20,"(1, 3, 5, 6, 7, 8, 10, 13, 14, 16, 17, 22, 25, 29, 36, 51, 73, 77, 78, 79)",[-0.15947653 -0.14337524 -0.17524916 -0.17972281 -0.14615817],-0.1607963825765369,"('_BldgType_1', '_GrLivArea', '_OverallQual', '_BuildingAge', '_TotalBsmtSF', '_Functional', '_Electrical', '_LotArea', '_GarageArea', '_OverallCond', '_Neighborhood_9', '_BsmtUnfSF', '_HouseStyle_3', '_Neighborhood_1', '_MSZoning_1', '_HouseStyle_4', '_Neighborhood_2', '_OpenPorchSF', '_Foundation_1', '_MSSubClass_2')",0.01894754391350499,0.014741832875048605,0.0073709164375243014
21,"(1, 3, 5, 6, 7, 8, 10, 13, 14, 16, 17, 22, 25, 29, 36, 51, 55, 73, 77, 78, 79)",[-0.15799954 -0.14417683 -0.18421525 -0.16250732 -0.14699254],-0.15917829760371907,"('_BldgType_1', '_GrLivArea', '_OverallQual', '_BuildingAge', '_TotalBsmtSF', '_Functional', '_Electrical', '_LotArea', '_GarageArea', '_OverallCond', '_Neighborhood_9', '_BsmtUnfSF', '_HouseStyle_3', '_Neighborhood_1', '_MSZoning_1', '_HouseStyle_4', '_MasVnrType_Stone', '_Neighborhood_2', '_OpenPorchSF', '_Foundation_1', '_MSSubClass_2')",0.018293239873495237,0.01423276210306227,0.007116381051531135
22,"(1, 3, 5, 6, 7, 8, 10, 13, 14, 16, 17, 22, 25, 29, 36, 51, 55, 66, 73, 77, 78, 79)",[-0.17099044 -0.14360888 -0.18393507 -0.16223266 -0.14084246],-0.16032190219127335,"('_BldgType_1', '_GrLivArea', '_OverallQual', '_BuildingAge', '_TotalBsmtSF', '_Functional', '_Electrical', '_LotArea', '_GarageArea', '_OverallCond', '_Neighborhood_9', '_BsmtUnfSF', '_HouseStyle_3', '_Neighborhood_1', '_MSZoning_1', '_HouseStyle_4', '_MasVnrType_Stone', '_LotConfig_3', '_Neighborhood_2', '_OpenPorchSF', '_Foundation_1', '_MSSubClass_2')",0.02099257504688668,0.016332936573248573,0.008166468286624286
23,"(1, 3, 5, 6, 7, 8, 10, 13, 14, 16, 17, 22, 25, 29, 34, 36, 51, 55, 66, 73, 77, 78, 79)",[-0.15614922 -0.15085701 -0.17283989 -0.16473243 -0.14420286],-0.15775628256719823,"('_BldgType_1', '_GrLivArea', '_OverallQual', '_BuildingAge', '_TotalBsmtSF', '_Functional', '_Electrical', '_LotArea', '_GarageArea', '_OverallCond', '_Neighborhood_9', '_BsmtUnfSF', '_HouseStyle_3', '_Neighborhood_1', '_PavedDrive', '_MSZoning_1', '_HouseStyle_4', '_MasVnrType_Stone', '_LotConfig_3', '_Neighborhood_2', '_OpenPorchSF', '_Foundation_1', '_MSSubClass_2')",0.01298156340777483,0.010100097357624344,0.005050048678812171
24,"(1, 3, 5, 6, 7, 8, 10, 13, 14, 16, 17, 22, 25, 29, 31, 34, 36, 51, 55, 66, 73, 77, 78, 79)",[-0.16291788 -0.14562608 -0.18529935 -0.16216391 -0.13846692],-0.15889482763248797,"('_BldgType_1', '_GrLivArea', '_OverallQual', '_BuildingAge', '_TotalBsmtSF', '_Functional', '_Electrical', '_LotArea', '_GarageArea', '_OverallCond', '_Neighborhood_9', '_BsmtUnfSF', '_HouseStyle_3', '_Neighborhood_1', '_BsmtQual', '_PavedDrive', '_MSZoning_1', '_HouseStyle_4', '_MasVnrType_Stone', '_LotConfig_3', '_Neighborhood_2', '_OpenPorchSF', '_Foundation_1', '_MSSubClass_2')",0.020863161093819332,0.016232248121144842,0.008116124060572421
25,"(1, 3, 5, 6, 7, 8, 10, 13, 14, 16, 17, 22, 25, 29, 31, 34, 36, 51, 55, 66, 70, 73, 77, 78, 79)",[-0.16264732 -0.15344952 -0.18051498 -0.1656759  -0.13882159],-0.1602218624128519,"('_BldgType_1', '_GrLivArea', '_OverallQual', '_BuildingAge', '_TotalBsmtSF', '_Functional', '_Electrical', '_LotArea', '_GarageArea', '_OverallCond', '_Neighborhood_9', '_BsmtUnfSF', '_HouseStyle_3', '_Neighborhood_1', '_BsmtQual', '_PavedDrive', '_MSZoning_1', '_HouseStyle_4', '_MasVnrType_Stone', '_LotConfig_3', '_GarageType_Detchd', '_Neighborhood_2', '_OpenPorchSF', '_Foundation_1', '_MSSubClass_2')",0.017728408124423008,0.013793303813093127,0.006896651906546563
26,"(1, 3, 5, 6, 7, 8, 10, 13, 14, 16, 17, 22, 25, 29, 31, 34, 36, 51, 53, 55, 66, 70, 73, 77, 78, 79)",[-0.16143142 -0.13813849 -0.17499953 -0.16036327 -0.14247506],-0.1554815543393638,"('_BldgType_1', '_GrLivArea', '_OverallQual', '_BuildingAge', '_TotalBsmtSF', '_Functional', '_Electrical', '_LotArea', '_GarageArea', '_OverallCond', '_Neighborhood_9', '_BsmtUnfSF', '_HouseStyle_3', '_Neighborhood_1', '_BsmtQual', '_PavedDrive', '_MSZoning_1', '_HouseStyle_4', '_Exterior_Plywood', '_MasVnrType_Stone', '_LotConfig_3', '_GarageType_Detchd', '_Neighborhood_2', '_OpenPorchSF', '_Foundation_1', '_MSSubClass_2')",0.01734080084074012,0.013491732178094462,0.00674586608904723
27,"(1, 3, 5, 6, 7, 8, 10, 13, 14, 16, 17, 22, 25, 29, 31, 34, 36, 51, 53, 55, 64, 66, 70, 73, 77, 78, 79)",[-0.14727383 -0.15372201 -0.1803634  -0.17276116 -0.14692828],-0.16020973758219165,"('_BldgType_1', '_GrLivArea', '_OverallQual', '_BuildingAge', '_TotalBsmtSF', '_Functional', '_Electrical', '_LotArea', '_GarageArea', '_OverallCond', '_Neighborhood_9', '_BsmtUnfSF', '_HouseStyle_3', '_Neighborhood_1', '_BsmtQual', '_PavedDrive', '_MSZoning_1', '_HouseStyle_4', '_Exterior_Plywood', '_MasVnrType_Stone', '_Exterior_MetalSd', '_LotConfig_3', '_GarageType_Detchd', '_Neighborhood_2', '_OpenPorchSF', '_Foundation_1', '_MSSubClass_2')",0.01771216388793864,0.013780665245238185,0.006890332622619092
28,"(1, 3, 5, 6, 7, 8, 10, 13, 14, 16, 17, 22, 25, 29, 31, 34, 36, 42, 51, 53, 55, 64, 66, 70, 73, 77, 78, 79)",[-0.17053568 -0.1413698  -0.18518893 -0.16748038 -0.14128563],-0.16117208322572862,"('_BldgType_1', '_GrLivArea', '_OverallQual', '_BuildingAge', '_TotalBsmtSF', '_Functional', '_Electrical', '_LotArea', '_GarageArea', '_OverallCond', '_Neighborhood_9', '_BsmtUnfSF', '_HouseStyle_3', '_Neighborhood_1', '_BsmtQual', '_PavedDrive', '_MSZoning_1', '_GarageFinish', '_HouseStyle_4', '_Exterior_Plywood', '_MasVnrType_Stone', '_Exterior_MetalSd', '_LotConfig_3', '_GarageType_Detchd', '_Neighborhood_2', '_OpenPorchSF', '_Foundation_1', '_MSSubClass_2')",0.022201569635998425,0.01727357543709731,0.008636787718548655
29,"(1, 3, 5, 6, 7, 8, 10, 13, 14, 16, 17, 22, 25, 29, 31, 34, 36, 42, 47, 51, 53, 55, 64, 66, 70, 73, 77, 78, 79)",[-0.17235046 -0.1431353  -0.1783342  -0.17458068 -0.13254797],-0.16018972230596892,"('_BldgType_1', '_GrLivArea', '_OverallQual', '_BuildingAge', '_TotalBsmtSF', '_Functional', '_Electrical', '_LotArea', '_GarageArea', '_OverallCond', '_Neighborhood_9', '_BsmtUnfSF', '_HouseStyle_3', '_Neighborhood_1', '_BsmtQual', '_PavedDrive', '_MSZoning_1', '_GarageFinish', '_MSSubClass_1', '_HouseStyle_4', '_Exterior_Plywood', '_MasVnrType_Stone', '_Exterior_MetalSd', '_LotConfig_3', '_GarageType_Detchd', '_Neighborhood_2', '_OpenPorchSF', '_Foundation_1', '_MSSubClass_2')",0.023970762519426377,0.01865006760570132,0.00932503380285066
30,"(1, 3, 4, 5, 6, 7, 8, 10, 13, 14, 16, 17, 22, 25, 29, 31, 34, 36, 42, 47, 51, 53, 55, 64, 66, 70, 73, 77, 78, 79)",[-0.15667966 -0.14380017 -0.1746049  -0.16506962 -0.14363766],-0.1567584019125283,"('_BldgType_1', '_GrLivArea', '_MSSubClass_3', '_OverallQual', '_BuildingAge', '_TotalBsmtSF', '_Functional', '_Electrical', '_LotArea', '_GarageArea', '_OverallCond', '_Neighborhood_9', '_BsmtUnfSF', '_HouseStyle_3', '_Neighborhood_1', '_BsmtQual', '_PavedDrive', '_MSZoning_1', '_GarageFinish', '_MSSubClass_1', '_HouseStyle_4', '_Exterior_Plywood', '_MasVnrType_Stone', '_Exterior_MetalSd', '_LotConfig_3', '_GarageType_Detchd', '_Neighborhood_2', '_OpenPorchSF', '_Foundation_1', '_MSSubClass_2')",0.015505210183339413,0.012063580285589036,0.006031790142794518
31,"(1, 3, 4, 5, 6, 7, 8, 10, 13, 14, 16, 17, 22, 25, 29, 31, 34, 36, 42, 47, 51, 53, 55, 64, 66, 68, 70, 73, 77, 78, 79)",[-0.15115228 -0.14576121 -0.17625968 -0.16101853 -0.13836888],-0.1545121165023292,"('_BldgType_1', '_GrLivArea', '_MSSubClass_3', '_OverallQual', '_BuildingAge', '_TotalBsmtSF', '_Functional', '_Electrical', '_LotArea', '_GarageArea', '_OverallCond', '_Neighborhood_9', '_BsmtUnfSF', '_HouseStyle_3', '_Neighborhood_1', '_BsmtQual', '_PavedDrive', '_MSZoning_1', '_GarageFinish', '_MSSubClass_1', '_HouseStyle_4', '_Exterior_Plywood', '_MasVnrType_Stone', '_Exterior_MetalSd', '_LotConfig_3', '_MasVnrArea', '_GarageType_Detchd', '_Neighborhood_2', '_OpenPorchSF', '_Foundation_1', '_MSSubClass_2')",0.01689325171346195,0.013143523752357231,0.006571761876178615
32,"(1, 2, 3, 4, 5, 6, 7, 8, 10, 13, 14, 16, 17, 22, 25, 29, 31, 34, 36, 42, 47, 51, 53, 55, 64, 66, 68, 70, 73, 77, 78, 79)",[-0.15550752 -0.13769016 -0.17459426 -0.16520629 -0.13285793],-0.1531712320789217,"('_BldgType_1', '_BldgType_3', '_GrLivArea', '_MSSubClass_3', '_OverallQual', '_BuildingAge', '_TotalBsmtSF', '_Functional', '_Electrical', '_LotArea', '_GarageArea', '_OverallCond', '_Neighborhood_9', '_BsmtUnfSF', '_HouseStyle_3', '_Neighborhood_1', '_BsmtQual', '_PavedDrive', '_MSZoning_1', '_GarageFinish', '_MSSubClass_1', '_HouseStyle_4', '_Exterior_Plywood', '_MasVnrType_Stone', '_Exterior_MetalSd', '_LotConfig_3', '_MasVnrArea', '_GarageType_Detchd', '_Neighborhood_2', '_OpenPorchSF', '_Foundation_1', '_MSSubClass_2')",0.020415830103680456,0.01588420941351282,0.007942104706756409
33,"(1, 2, 3, 4, 5, 6, 7, 8, 10, 13, 14, 16, 17, 22, 25, 29, 31, 34, 36, 42, 47, 51, 53, 55, 58, 64, 66, 68, 70, 73, 77, 78, 79)",[-0.15969641 -0.13516318 -0.17279203 -0.16545797 -0.1312893 ],-0.1528797778724996,"('_BldgType_1', '_BldgType_3', '_GrLivArea', '_MSSubClass_3', '_OverallQual', '_BuildingAge', '_TotalBsmtSF', '_Functional', '_Electrical', '_LotArea', '_GarageArea', '_OverallCond', '_Neighborhood_9', '_BsmtUnfSF', '_HouseStyle_3', '_Neighborhood_1', '_BsmtQual', '_PavedDrive', '_MSZoning_1', '_GarageFinish', '_MSSubClass_1', '_HouseStyle_4', '_Exterior_Plywood', '_MasVnrType_Stone', '_LotShape', '_Exterior_MetalSd', '_LotConfig_3', '_MasVnrArea', '_GarageType_Detchd', '_Neighborhood_2', '_OpenPorchSF', '_Foundation_1', '_MSSubClass_2')",0.021362152555143368,0.016620480430434917,0.00831024021521746
34,"(1, 2, 3, 4, 5, 6, 7, 8, 10, 13, 14, 16, 17, 22, 25, 29, 31, 34, 36, 42, 47, 48, 51, 53, 55, 58, 64, 66, 68, 70, 73, 77, 78, 79)",[-0.15343705 -0.13182783 -0.16682672 -0.15939556 -0.14756936],-0.1518113037070138,"('_BldgType_1', '_BldgType_3', '_GrLivArea', '_MSSubClass_3', '_OverallQual', '_BuildingAge', '_TotalBsmtSF', '_Functional', '_Electrical', '_LotArea', '_GarageArea', '_OverallCond', '_Neighborhood_9', '_BsmtUnfSF', '_HouseStyle_3', '_Neighborhood_1', '_BsmtQual', '_PavedDrive', '_MSZoning_1', '_GarageFinish', '_MSSubClass_1', '_GarageType_Attchd', '_HouseStyle_4', '_Exterior_Plywood', '_MasVnrType_Stone', '_LotShape', '_Exterior_MetalSd', '_LotConfig_3', '_MasVnrArea', '_GarageType_Detchd', '_Neighborhood_2', '_OpenPorchSF', '_Foundation_1', '_MSSubClass_2')",0.015239888205251016,0.011857150772776631,0.005928575386388316
35,"(1, 2, 3, 4, 5, 6, 7, 8, 10, 13, 14, 16, 17, 22, 25, 29, 31, 34, 35, 36, 42, 47, 48, 51, 53, 55, 58, 64, 66, 68, 70, 73, 77, 78, 79)",[-0.16206556 -0.13970809 -0.17242918 -0.16405666 -0.13800738],-0.15525337343394538,"('_BldgType_1', '_BldgType_3', '_GrLivArea', '_MSSubClass_3', '_OverallQual', '_BuildingAge', '_TotalBsmtSF', '_Functional', '_Electrical', '_LotArea', '_GarageArea', '_OverallCond', '_Neighborhood_9', '_BsmtUnfSF', '_HouseStyle_3', '_Neighborhood_1', '_BsmtQual', '_PavedDrive', '_Foundation_3', '_MSZoning_1', '_GarageFinish', '_MSSubClass_1', '_GarageType_Attchd', '_HouseStyle_4', '_Exterior_Plywood', '_MasVnrType_Stone', '_LotShape', '_Exterior_MetalSd', '_LotConfig_3', '_MasVnrArea', '_GarageType_Detchd', '_Neighborhood_2', '_OpenPorchSF', '_Foundation_1', '_MSSubClass_2')",0.017790878968827136,0.013841908252379445,0.006920954126189723
36,"(1, 2, 3, 4, 5, 6, 7, 8, 10, 13, 14, 16, 17, 21, 22, 25, 29, 31, 34, 35, 36, 42, 47, 48, 51, 53, 55, 58, 64, 66, 68, 70, 73, 77, 78, 79)",[-0.17592615 -0.13019089 -0.16745059 -0.16329709 -0.13481405],-0.15433575489260046,"('_BldgType_1', '_BldgType_3', '_GrLivArea', '_MSSubClass_3', '_OverallQual', '_BuildingAge', '_TotalBsmtSF', '_Functional', '_Electrical', '_LotArea', '_GarageArea', '_OverallCond', '_Neighborhood_9', '_ExterQual', '_BsmtUnfSF', '_HouseStyle_3', '_Neighborhood_1', '_BsmtQual', '_PavedDrive', '_Foundation_3', '_MSZoning_1', '_GarageFinish', '_MSSubClass_1', '_GarageType_Attchd', '_HouseStyle_4', '_Exterior_Plywood', '_MasVnrType_Stone', '_LotShape', '_Exterior_MetalSd', '_LotConfig_3', '_MasVnrArea', '_GarageType_Detchd', '_Neighborhood_2', '_OpenPorchSF', '_Foundation_1', '_MSSubClass_2')",0.023577440695790264,0.018344049864477345,0.00917202493223867
37,"(1, 2, 3, 4, 5, 6, 7, 8, 10, 13, 14, 16, 17, 21, 22, 25, 29, 31, 34, 35, 36, 42, 47, 48, 51, 53, 55, 56, 58, 64, 66, 68, 70, 73, 77, 78, 79)",[-0.15924926 -0.13995037 -0.178905   -0.15959696 -0.13924275],-0.15538886881087505,"('_BldgType_1', '_BldgType_3', '_GrLivArea', '_MSSubClass_3', '_OverallQual', '_BuildingAge', '_TotalBsmtSF', '_Functional', '_Electrical', '_LotArea', '_GarageArea', '_OverallCond', '_Neighborhood_9', '_ExterQual', '_BsmtUnfSF', '_HouseStyle_3', '_Neighborhood_1', '_BsmtQual', '_PavedDrive', '_Foundation_3', '_MSZoning_1', '_GarageFinish', '_MSSubClass_1', '_GarageType_Attchd', '_HouseStyle_4', '_Exterior_Plywood', '_MasVnrType_Stone', '_LandContour_2', '_LotShape', '_Exterior_MetalSd', '_LotConfig_3', '_MasVnrArea', '_GarageType_Detchd', '_Neighborhood_2', '_OpenPorchSF', '_Foundation_1', '_MSSubClass_2')",0.018930579970742014,0.014728634351258115,0.007364317175629058
38,"(1, 2, 3, 4, 5, 6, 7, 8, 10, 13, 14, 16, 17, 21, 22, 25, 29, 31, 34, 35, 36, 42, 47, 48, 51, 53, 55, 56, 58, 63, 64, 66, 68, 70, 73, 77, 78, 79)",[-0.16440304 -0.12785826 -0.17533658 -0.16494887 -0.13908052],-0.15432545193310826,"('_BldgType_1', '_BldgType_3', '_GrLivArea', '_MSSubClass_3', '_OverallQual', '_BuildingAge', '_TotalBsmtSF', '_Functional', '_Electrical', '_LotArea', '_GarageArea', '_OverallCond', '_Neighborhood_9', '_ExterQual', '_BsmtUnfSF', '_HouseStyle_3', '_Neighborhood_1', '_BsmtQual', '_PavedDrive', '_Foundation_3', '_MSZoning_1', '_GarageFinish', '_MSSubClass_1', '_GarageType_Attchd', '_HouseStyle_4', '_Exterior_Plywood', '_MasVnrType_Stone', '_LandContour_2', '_LotShape', '_Alley', '_Exterior_MetalSd', '_LotConfig_3', '_MasVnrArea', '_GarageType_Detchd', '_Neighborhood_2', '_OpenPorchSF', '_Foundation_1', '_MSSubClass_2')",0.022911388046880365,0.017825838275627844,0.00891291913781392
39,"(1, 2, 3, 4, 5, 6, 7, 8, 10, 13, 14, 16, 17, 21, 22, 25, 29, 31, 34, 35, 36, 42, 47, 48, 51, 53, 55, 56, 58, 63, 64, 66, 68, 70, 73, 76, 77, 78, 79)",[-0.1627109  -0.14117232 -0.17481356 -0.16104762 -0.13904688],-0.155758254492319,"('_BldgType_1', '_BldgType_3', '_GrLivArea', '_MSSubClass_3', '_OverallQual', '_BuildingAge', '_TotalBsmtSF', '_Functional', '_Electrical', '_LotArea', '_GarageArea', '_OverallCond', '_Neighborhood_9', '_ExterQual', '_BsmtUnfSF', '_HouseStyle_3', '_Neighborhood_1', '_BsmtQual', '_PavedDrive', '_Foundation_3', '_MSZoning_1', '_GarageFinish', '_MSSubClass_1', '_GarageType_Attchd', '_HouseStyle_4', '_Exterior_Plywood', '_MasVnrType_Stone', '_LandContour_2', '_LotShape', '_Alley', '_Exterior_MetalSd', '_LotConfig_3', '_MasVnrArea', '_GarageType_Detchd', '_Neighborhood_2', '_BedroomAbvGr', '_OpenPorchSF', '_Foundation_1', '_MSSubClass_2')",0.017542607009779578,0.013648744233626,0.006824372116813
40,"(1, 2, 3, 4, 5, 6, 7, 8, 10, 13, 14, 16, 17, 21, 22, 25, 29, 31, 34, 35, 36, 42, 47, 48, 51, 53, 55, 56, 58, 62, 63, 64, 66, 68, 70, 73, 76, 77, 78, 79)",[-0.15293584 -0.12864657 -0.17982571 -0.16395922 -0.14801735],-0.15467693840807278,"('_BldgType_1', '_BldgType_3', '_GrLivArea', '_MSSubClass_3', '_OverallQual', '_BuildingAge', '_TotalBsmtSF', '_Functional', '_Electrical', '_LotArea', '_GarageArea', '_OverallCond', '_Neighborhood_9', '_ExterQual', '_BsmtUnfSF', '_HouseStyle_3', '_Neighborhood_1', '_BsmtQual', '_PavedDrive', '_Foundation_3', '_MSZoning_1', '_GarageFinish', '_MSSubClass_1', '_GarageType_Attchd', '_HouseStyle_4', '_Exterior_Plywood', '_MasVnrType_Stone', '_LandContour_2', '_LotShape', '_LotConfig_1', '_Alley', '_Exterior_MetalSd', '_LotConfig_3', '_MasVnrArea', '_GarageType_Detchd', '_Neighborhood_2', '_BedroomAbvGr', '_OpenPorchSF', '_Foundation_1', '_MSSubClass_2')",0.021839231631076643,0.016991664159455237,0.008495832079727619
41,"(1, 2, 3, 4, 5, 6, 7, 8, 10, 13, 14, 16, 17, 21, 22, 25, 29, 31, 34, 35, 36, 42, 47, 48, 51, 53, 54, 55, 56, 58, 62, 63, 64, 66, 68, 70, 73, 76, 77, 78, 79)",[-0.1627457  -0.14672084 -0.16618956 -0.16388274 -0.14559709],-0.15702718531579105,"('_BldgType_1', '_BldgType_3', '_GrLivArea', '_MSSubClass_3', '_OverallQual', '_BuildingAge', '_TotalBsmtSF', '_Functional', '_Electrical', '_LotArea', '_GarageArea', '_OverallCond', '_Neighborhood_9', '_ExterQual', '_BsmtUnfSF', '_HouseStyle_3', '_Neighborhood_1', '_BsmtQual', '_PavedDrive', '_Foundation_3', '_MSZoning_1', '_GarageFinish', '_MSSubClass_1', '_GarageType_Attchd', '_HouseStyle_4', '_Exterior_Plywood', '_GarageQual', '_MasVnrType_Stone', '_LandContour_2', '_LotShape', '_LotConfig_1', '_Alley', '_Exterior_MetalSd', '_LotConfig_3', '_MasVnrArea', '_GarageType_Detchd', '_Neighborhood_2', '_BedroomAbvGr', '_OpenPorchSF', '_Foundation_1', '_MSSubClass_2')",0.011503419230278865,0.008950050970116549,0.0044750254850582745
42,"(1, 2, 3, 4, 5, 6, 7, 8, 10, 13, 14, 16, 17, 21, 22, 25, 27, 29, 31, 34, 35, 36, 42, 47, 48, 51, 53, 54, 55, 56, 58, 62, 63, 64, 66, 68, 70, 73, 76, 77, 78, 79)",[-0.15613625 -0.13781273 -0.1745863  -0.16779452 -0.13619119],-0.1545041980020973,"('_BldgType_1', '_BldgType_3', '_GrLivArea', '_MSSubClass_3', '_OverallQual', '_BuildingAge', '_TotalBsmtSF', '_Functional', '_Electrical', '_LotArea', '_GarageArea', '_OverallCond', '_Neighborhood_9', '_ExterQual', '_BsmtUnfSF', '_HouseStyle_3', '_GarageType_BuiltIn', '_Neighborhood_1', '_BsmtQual', '_PavedDrive', '_Foundation_3', '_MSZoning_1', '_GarageFinish', '_MSSubClass_1', '_GarageType_Attchd', '_HouseStyle_4', '_Exterior_Plywood', '_GarageQual', '_MasVnrType_Stone', '_LandContour_2', '_LotShape', '_LotConfig_1', '_Alley', '_Exterior_MetalSd', '_LotConfig_3', '_MasVnrArea', '_GarageType_Detchd', '_Neighborhood_2', '_BedroomAbvGr', '_OpenPorchSF', '_Foundation_1', '_MSSubClass_2')",0.019883068925637196,0.015469703117346915,0.0077348515586734565
43,"(1, 2, 3, 4, 5, 6, 7, 8, 10, 11, 13, 14, 16, 17, 21, 22, 25, 27, 29, 31, 34, 35, 36, 42, 47, 48, 51, 53, 54, 55, 56, 58, 62, 63, 64, 66, 68, 70, 73, 76, 77, 78, 79)",[-0.16806961 -0.13869238 -0.17059862 -0.16059757 -0.13263264],-0.15411816620833352,"('_BldgType_1', '_BldgType_3', '_GrLivArea', '_MSSubClass_3', '_OverallQual', '_BuildingAge', '_TotalBsmtSF', '_Functional', '_Electrical', '_SaleCondition_Abnorml', '_LotArea', '_GarageArea', '_OverallCond', '_Neighborhood_9', '_ExterQual', '_BsmtUnfSF', '_HouseStyle_3', '_GarageType_BuiltIn', '_Neighborhood_1', '_BsmtQual', '_PavedDrive', '_Foundation_3', '_MSZoning_1', '_GarageFinish', '_MSSubClass_1', '_GarageType_Attchd', '_HouseStyle_4', '_Exterior_Plywood', '_GarageQual', '_MasVnrType_Stone', '_LandContour_2', '_LotShape', '_LotConfig_1', '_Alley', '_Exterior_MetalSd', '_LotConfig_3', '_MasVnrArea', '_GarageType_Detchd', '_Neighborhood_2', '_BedroomAbvGr', '_OpenPorchSF', '_Foundation_1', '_MSSubClass_2')",0.019976361747944444,0.015542288102565752,0.007771144051282876
44,"(1, 2, 3, 4, 5, 6, 7, 8, 10, 11, 13, 14, 16, 17, 21, 22, 25, 27, 29, 31, 34, 35, 36, 42, 43, 47, 48, 51, 53, 54, 55, 56, 58, 62, 63, 64, 66, 68, 70, 73, 76, 77, 78, 79)",[-0.16662853 -0.13612207 -0.17485172 -0.16597406 -0.12933164],-0.15458160195400286,"('_BldgType_1', '_BldgType_3', '_GrLivArea', '_MSSubClass_3', '_OverallQual', '_BuildingAge', '_TotalBsmtSF', '_Functional', '_Electrical', '_SaleCondition_Abnorml', '_LotArea', '_GarageArea', '_OverallCond', '_Neighborhood_9', '_ExterQual', '_BsmtUnfSF', '_HouseStyle_3', '_GarageType_BuiltIn', '_Neighborhood_1', '_BsmtQual', '_PavedDrive', '_Foundation_3', '_MSZoning_1', '_GarageFinish', '_HouseStyle_1', '_MSSubClass_1', '_GarageType_Attchd', '_HouseStyle_4', '_Exterior_Plywood', '_GarageQual', '_MasVnrType_Stone', '_LandContour_2', '_LotShape', '_LotConfig_1', '_Alley', '_Exterior_MetalSd', '_LotConfig_3', '_MasVnrArea', '_GarageType_Detchd', '_Neighborhood_2', '_BedroomAbvGr', '_OpenPorchSF', '_Foundation_1', '_MSSubClass_2')",0.023448083573389063,0.018243405628562602,0.009121702814281301
45,"(1, 2, 3, 4, 5, 6, 7, 8, 10, 11, 12, 13, 14, 16, 17, 21, 22, 25, 27, 29, 31, 34, 35, 36, 42, 43, 47, 48, 51, 53, 54, 55, 56, 58, 62, 63, 64, 66, 68, 70, 73, 76, 77, 78, 79)",[-0.16805911 -0.13498529 -0.17369852 -0.15889788 -0.13783821],-0.15469580421214857,"('_BldgType_1', '_BldgType_3', '_GrLivArea', '_MSSubClass_3', '_OverallQual', '_BuildingAge', '_TotalBsmtSF', '_Functional', '_Electrical', '_SaleCondition_Abnorml', '_RoofStyle_1', '_LotArea', '_GarageArea', '_OverallCond', '_Neighborhood_9', '_ExterQual', '_BsmtUnfSF', '_HouseStyle_3', '_GarageType_BuiltIn', '_Neighborhood_1', '_BsmtQual', '_PavedDrive', '_Foundation_3', '_MSZoning_1', '_GarageFinish', '_HouseStyle_1', '_MSSubClass_1', '_GarageType_Attchd', '_HouseStyle_4', '_Exterior_Plywood', '_GarageQual', '_MasVnrType_Stone', '_LandContour_2', '_LotShape', '_LotConfig_1', '_Alley', '_Exterior_MetalSd', '_LotConfig_3', '_MasVnrArea', '_GarageType_Detchd', '_Neighborhood_2', '_BedroomAbvGr', '_OpenPorchSF', '_Foundation_1', '_MSSubClass_2')",0.020159174089829594,0.015684522315288506,0.007842261157644251
46,"(1, 2, 3, 4, 5, 6, 7, 8, 10, 11, 12, 13, 14, 16, 17, 21, 22, 25, 27, 29, 31, 34, 35, 36, 42, 43, 47, 48, 51, 53, 54, 55, 56, 57, 58, 62, 63, 64, 66, 68, 70, 73, 76, 77, 78, 79)",[-0.15303238 -0.13247518 -0.16398694 -0.16418867 -0.14146768],-0.15103016966340754,"('_BldgType_1', '_BldgType_3', '_GrLivArea', '_MSSubClass_3', '_OverallQual', '_BuildingAge', '_TotalBsmtSF', '_Functional', '_Electrical', '_SaleCondition_Abnorml', '_RoofStyle_1', '_LotArea', '_GarageArea', '_OverallCond', '_Neighborhood_9', '_ExterQual', '_BsmtUnfSF', '_HouseStyle_3', '_GarageType_BuiltIn', '_Neighborhood_1', '_BsmtQual', '_PavedDrive', '_Foundation_3', '_MSZoning_1', '_GarageFinish', '_HouseStyle_1', '_MSSubClass_1', '_GarageType_Attchd', '_HouseStyle_4', '_Exterior_Plywood', '_GarageQual', '_MasVnrType_Stone', '_LandContour_2', '_BsmtFullBath', '_LotShape', '_LotConfig_1', '_Alley', '_Exterior_MetalSd', '_LotConfig_3', '_MasVnrArea', '_GarageType_Detchd', '_Neighborhood_2', '_BedroomAbvGr', '_OpenPorchSF', '_Foundation_1', '_MSSubClass_2')",0.016061117372447056,0.012496094964709097,0.006248047482354548
47,"(1, 2, 3, 4, 5, 6, 7, 8, 9, 10, 11, 12, 13, 14, 16, 17, 21, 22, 25, 27, 29, 31, 34, 35, 36, 42, 43, 47, 48, 51, 53, 54, 55, 56, 57, 58, 62, 63, 64, 66, 68, 70, 73, 76, 77, 78, 79)",[-0.16385181 -0.13234222 -0.17870878 -0.15940259 -0.14068147],-0.15499737524056653,"('_BldgType_1', '_BldgType_3', '_GrLivArea', '_MSSubClass_3', '_OverallQual', '_BuildingAge', '_TotalBsmtSF', '_Functional', '_CentralAir', '_Electrical', '_SaleCondition_Abnorml', '_RoofStyle_1', '_LotArea', '_GarageArea', '_OverallCond', '_Neighborhood_9', '_ExterQual', '_BsmtUnfSF', '_HouseStyle_3', '_GarageType_BuiltIn', '_Neighborhood_1', '_BsmtQual', '_PavedDrive', '_Foundation_3', '_MSZoning_1', '_GarageFinish', '_HouseStyle_1', '_MSSubClass_1', '_GarageType_Attchd', '_HouseStyle_4', '_Exterior_Plywood', '_GarageQual', '_MasVnrType_Stone', '_LandContour_2', '_BsmtFullBath', '_LotShape', '_LotConfig_1', '_Alley', '_Exterior_MetalSd', '_LotConfig_3', '_MasVnrArea', '_GarageType_Detchd', '_Neighborhood_2', '_BedroomAbvGr', '_OpenPorchSF', '_Foundation_1', '_MSSubClass_2')",0.021339226929718055,0.016602643514995182,0.008301321757497591
48,"(1, 2, 3, 4, 5, 6, 7, 8, 9, 10, 11, 12, 13, 14, 16, 17, 21, 22, 25, 27, 29, 31, 34, 35, 36, 42, 43, 47, 48, 51, 53, 54, 55, 56, 57, 58, 62, 63, 64, 66, 68, 70, 73, 75, 76, 77, 78, 79)",[-0.15811486 -0.13471357 -0.16770002 -0.16401927 -0.13616307],-0.15214215927126334,"('_BldgType_1', '_BldgType_3', '_GrLivArea', '_MSSubClass_3', '_OverallQual', '_BuildingAge', '_TotalBsmtSF', '_Functional', '_CentralAir', '_Electrical', '_SaleCondition_Abnorml', '_RoofStyle_1', '_LotArea', '_GarageArea', '_OverallCond', '_Neighborhood_9', '_ExterQual', '_BsmtUnfSF', '_HouseStyle_3', '_GarageType_BuiltIn', '_Neighborhood_1', '_BsmtQual', '_PavedDrive', '_Foundation_3', '_MSZoning_1', '_GarageFinish', '_HouseStyle_1', '_MSSubClass_1', '_GarageType_Attchd', '_HouseStyle_4', '_Exterior_Plywood', '_GarageQual', '_MasVnrType_Stone', '_LandContour_2', '_BsmtFullBath', '_LotShape', '_LotConfig_1', '_Alley', '_Exterior_MetalSd', '_LotConfig_3', '_MasVnrArea', '_GarageType_Detchd', '_Neighborhood_2', '_BsmtFinSF1', '_BedroomAbvGr', '_OpenPorchSF', '_Foundation_1', '_MSSubClass_2')",0.017974538162738304,0.013984801344748781,0.006992400672374392
49,"(1, 2, 3, 4, 5, 6, 7, 8, 9, 10, 11, 12, 13, 14, 16, 17, 19, 21, 22, 25, 27, 29, 31, 34, 35, 36, 42, 43, 47, 48, 51, 53, 54, 55, 56, 57, 58, 62, 63, 64, 66, 68, 70, 73, 75, 76, 77, 78, 79)",[-0.15250189 -0.13587831 -0.17754132 -0.1626817  -0.1355936 ],-0.15283936365533732,"('_BldgType_1', '_BldgType_3', '_GrLivArea', '_MSSubClass_3', '_OverallQual', '_BuildingAge', '_TotalBsmtSF', '_Functional', '_CentralAir', '_Electrical', '_SaleCondition_Abnorml', '_RoofStyle_1', '_LotArea', '_GarageArea', '_OverallCond', '_Neighborhood_9', '_ScreenPorch', '_ExterQual', '_BsmtUnfSF', '_HouseStyle_3', '_GarageType_BuiltIn', '_Neighborhood_1', '_BsmtQual', '_PavedDrive', '_Foundation_3', '_MSZoning_1', '_GarageFinish', '_HouseStyle_1', '_MSSubClass_1', '_GarageType_Attchd', '_HouseStyle_4', '_Exterior_Plywood', '_GarageQual', '_MasVnrType_Stone', '_LandContour_2', '_BsmtFullBath', '_LotShape', '_LotConfig_1', '_Alley', '_Exterior_MetalSd', '_LotConfig_3', '_MasVnrArea', '_GarageType_Detchd', '_Neighborhood_2', '_BsmtFinSF1', '_BedroomAbvGr', '_OpenPorchSF', '_Foundation_1', '_MSSubClass_2')",0.020662948885312598,0.016076476221059843,0.008038238110529922
50,"(1, 2, 3, 4, 5, 6, 7, 8, 9, 10, 11, 12, 13, 14, 16, 17, 19, 21, 22, 24, 25, 27, 29, 31, 34, 35, 36, 42, 43, 47, 48, 51, 53, 54, 55, 56, 57, 58, 62, 63, 64, 66, 68, 70, 73, 75, 76, 77, 78, 79)",[-0.16559503 -0.13129662 -0.17349913 -0.15987241 -0.12856297],-0.15176523283246354,"('_BldgType_1', '_BldgType_3', '_GrLivArea', '_MSSubClass_3', '_OverallQual', '_BuildingAge', '_TotalBsmtSF', '_Functional', '_CentralAir', '_Electrical', '_SaleCondition_Abnorml', '_RoofStyle_1', '_LotArea', '_GarageArea', '_OverallCond', '_Neighborhood_9', '_ScreenPorch', '_ExterQual', '_BsmtUnfSF', '_HouseStyle_2', '_HouseStyle_3', '_GarageType_BuiltIn', '_Neighborhood_1', '_BsmtQual', '_PavedDrive', '_Foundation_3', '_MSZoning_1', '_GarageFinish', '_HouseStyle_1', '_MSSubClass_1', '_GarageType_Attchd', '_HouseStyle_4', '_Exterior_Plywood', '_GarageQual', '_MasVnrType_Stone', '_LandContour_2', '_BsmtFullBath', '_LotShape', '_LotConfig_1', '_Alley', '_Exterior_MetalSd', '_LotConfig_3', '_MasVnrArea', '_GarageType_Detchd', '_Neighborhood_2', '_BsmtFinSF1', '_BedroomAbvGr', '_OpenPorchSF', '_Foundation_1', '_MSSubClass_2')",0.02360642909970339,0.01836660382755311,0.009183301913776556
51,"(1, 2, 3, 4, 5, 6, 7, 8, 9, 10, 11, 12, 13, 14, 16, 17, 18, 19, 21, 22, 24, 25, 27, 29, 31, 34, 35, 36, 42, 43, 47, 48, 51, 53, 54, 55, 56, 57, 58, 62, 63, 64, 66, 68, 70, 73, 75, 76, 77, 78, 79)",[-0.1522064  -0.1418502  -0.16274268 -0.15575017 -0.13368347],-0.14924658416889008,"('_BldgType_1', '_BldgType_3', '_GrLivArea', '_MSSubClass_3', '_OverallQual', '_BuildingAge', '_TotalBsmtSF', '_Functional', '_CentralAir', '_Electrical', '_SaleCondition_Abnorml', '_RoofStyle_1', '_LotArea', '_GarageArea', '_OverallCond', '_Neighborhood_9', '_SaleType_WD', '_ScreenPorch', '_ExterQual', '_BsmtUnfSF', '_HouseStyle_2', '_HouseStyle_3', '_GarageType_BuiltIn', '_Neighborhood_1', '_BsmtQual', '_PavedDrive', '_Foundation_3', '_MSZoning_1', '_GarageFinish', '_HouseStyle_1', '_MSSubClass_1', '_GarageType_Attchd', '_HouseStyle_4', '_Exterior_Plywood', '_GarageQual', '_MasVnrType_Stone', '_LandContour_2', '_BsmtFullBath', '_LotShape', '_LotConfig_1', '_Alley', '_Exterior_MetalSd', '_LotConfig_3', '_MasVnrArea', '_GarageType_Detchd', '_Neighborhood_2', '_BsmtFinSF1', '_BedroomAbvGr', '_OpenPorchSF', '_Foundation_1', '_MSSubClass_2')",0.013234363412154889,0.010296784349479058,0.005148392174739528
52,"(1, 2, 3, 4, 5, 6, 7, 8, 9, 10, 11, 12, 13, 14, 16, 17, 18, 19, 21, 22, 24, 25, 27, 29, 31, 34, 35, 36, 42, 43, 47, 48, 51, 53, 54, 55, 56, 57, 58, 62, 63, 64, 66, 68, 70, 73, 74, 75, 76, 77, 78, 79)",[-0.15234366 -0.12906972 -0.17250691 -0.15634046 -0.14267066],-0.15058628215628345,"('_BldgType_1', '_BldgType_3', '_GrLivArea', '_MSSubClass_3', '_OverallQual', '_BuildingAge', '_TotalBsmtSF', '_Functional', '_CentralAir', '_Electrical', '_SaleCondition_Abnorml', '_RoofStyle_1', '_LotArea', '_GarageArea', '_OverallCond', '_Neighborhood_9', '_SaleType_WD', '_ScreenPorch', '_ExterQual', '_BsmtUnfSF', '_HouseStyle_2', '_HouseStyle_3', '_GarageType_BuiltIn', '_Neighborhood_1', '_BsmtQual', '_PavedDrive', '_Foundation_3', '_MSZoning_1', '_GarageFinish', '_HouseStyle_1', '_MSSubClass_1', '_GarageType_Attchd', '_HouseStyle_4', '_Exterior_Plywood', '_GarageQual', '_MasVnrType_Stone', '_LandContour_2', '_BsmtFullBath', '_LotShape', '_LotConfig_1', '_Alley', '_Exterior_MetalSd', '_LotConfig_3', '_MasVnrArea', '_GarageType_Detchd', '_Neighborhood_2', '_QuarterSold', '_BsmtFinSF1', '_BedroomAbvGr', '_OpenPorchSF', '_Foundation_1', '_MSSubClass_2')",0.018557503998205438,0.014438368570007683,0.007219184285003841
53,"(1, 2, 3, 4, 5, 6, 7, 8, 9, 10, 11, 12, 13, 14, 16, 17, 18, 19, 21, 22, 24, 25, 27, 29, 31, 34, 35, 36, 42, 43, 46, 47, 48, 51, 53, 54, 55, 56, 57, 58, 62, 63, 64, 66, 68, 70, 73, 74, 75, 76, 77, 78, 79)",[-0.14977147 -0.12632587 -0.17257862 -0.16932035 -0.14287685],-0.1521746328810427,"('_BldgType_1', '_BldgType_3', '_GrLivArea', '_MSSubClass_3', '_OverallQual', '_BuildingAge', '_TotalBsmtSF', '_Functional', '_CentralAir', '_Electrical', '_SaleCondition_Abnorml', '_RoofStyle_1', '_LotArea', '_GarageArea', '_OverallCond', '_Neighborhood_9', '_SaleType_WD', '_ScreenPorch', '_ExterQual', '_BsmtUnfSF', '_HouseStyle_2', '_HouseStyle_3', '_GarageType_BuiltIn', '_Neighborhood_1', '_BsmtQual', '_PavedDrive', '_Foundation_3', '_MSZoning_1', '_GarageFinish', '_HouseStyle_1', '_Exterior_VinylSd', '_MSSubClass_1', '_GarageType_Attchd', '_HouseStyle_4', '_Exterior_Plywood', '_GarageQual', '_MasVnrType_Stone', '_LandContour_2', '_BsmtFullBath', '_LotShape', '_LotConfig_1', '_Alley', '_Exterior_MetalSd', '_LotConfig_3', '_MasVnrArea', '_GarageType_Detchd', '_Neighborhood_2', '_QuarterSold', '_BsmtFinSF1', '_BedroomAbvGr', '_OpenPorchSF', '_Foundation_1', '_MSSubClass_2')",0.022043251874130185,0.017150398839789104,0.008575199419894552
54,"(1, 2, 3, 4, 5, 6, 7, 8, 9, 10, 11, 12, 13, 14, 16, 17, 18, 19, 21, 22, 24, 25, 27, 29, 31, 34, 35, 36, 42, 43, 44, 46, 47, 48, 51, 53, 54, 55, 56, 57, 58, 62, 63, 64, 66, 68, 70, 73, 74, 75, 76, 77, 78, 79)",[-0.15641635 -0.13383805 -0.16845258 -0.16153919 -0.13654061],-0.15135735780779064,"('_BldgType_1', '_BldgType_3', '_GrLivArea', '_MSSubClass_3', '_OverallQual', '_BuildingAge', '_TotalBsmtSF', '_Functional', '_CentralAir', '_Electrical', '_SaleCondition_Abnorml', '_RoofStyle_1', '_LotArea', '_GarageArea', '_OverallCond', '_Neighborhood_9', '_SaleType_WD', '_ScreenPorch', '_ExterQual', '_BsmtUnfSF', '_HouseStyle_2', '_HouseStyle_3', '_GarageType_BuiltIn', '_Neighborhood_1', '_BsmtQual', '_PavedDrive', '_Foundation_3', '_MSZoning_1', '_GarageFinish', '_HouseStyle_1', '_BsmtFinSF2', '_Exterior_VinylSd', '_MSSubClass_1', '_GarageType_Attchd', '_HouseStyle_4', '_Exterior_Plywood', '_GarageQual', '_MasVnrType_Stone', '_LandContour_2', '_BsmtFullBath', '_LotShape', '_LotConfig_1', '_Alley', '_Exterior_MetalSd', '_LotConfig_3', '_MasVnrArea', '_GarageType_Detchd', '_Neighborhood_2', '_QuarterSold', '_BsmtFinSF1', '_BedroomAbvGr', '_OpenPorchSF', '_Foundation_1', '_MSSubClass_2')",0.017697593813638692,0.013769329232439512,0.006884664616219756
55,"(1, 2, 3, 4, 5, 6, 7, 8, 9, 10, 11, 12, 13, 14, 16, 17, 18, 19, 21, 22, 23, 24, 25, 27, 29, 31, 34, 35, 36, 42, 43, 44, 46, 47, 48, 51, 53, 54, 55, 56, 57, 58, 62, 63, 64, 66, 68, 70, 73, 74, 75, 76, 77, 78, 79)",[-0.15834651 -0.13236476 -0.16112989 -0.15296363 -0.13903082],-0.14876712208493414,"('_BldgType_1', '_BldgType_3', '_GrLivArea', '_MSSubClass_3', '_OverallQual', '_BuildingAge', '_TotalBsmtSF', '_Functional', '_CentralAir', '_Electrical', '_SaleCondition_Abnorml', '_RoofStyle_1', '_LotArea', '_GarageArea', '_OverallCond', '_Neighborhood_9', '_SaleType_WD', '_ScreenPorch', '_ExterQual', '_BsmtUnfSF', '_Foundation_2', '_HouseStyle_2', '_HouseStyle_3', '_GarageType_BuiltIn', '_Neighborhood_1', '_BsmtQual', '_PavedDrive', '_Foundation_3', '_MSZoning_1', '_GarageFinish', '_HouseStyle_1', '_BsmtFinSF2', '_Exterior_VinylSd', '_MSSubClass_1', '_GarageType_Attchd', '_HouseStyle_4', '_Exterior_Plywood', '_GarageQual', '_MasVnrType_Stone', '_LandContour_2', '_BsmtFullBath', '_LotShape', '_LotConfig_1', '_Alley', '_Exterior_MetalSd', '_LotConfig_3', '_MasVnrArea', '_GarageType_Detchd', '_Neighborhood_2', '_QuarterSold', '_BsmtFinSF1', '_BedroomAbvGr', '_OpenPorchSF', '_Foundation_1', '_MSSubClass_2')",0.014382010896950225,0.011189693082006864,0.005594846541003432
56,"(1, 2, 3, 4, 5, 6, 7, 8, 9, 10, 11, 12, 13, 14, 16, 17, 18, 19, 21, 22, 23, 24, 25, 27, 29, 31, 32, 34, 35, 36, 42, 43, 44, 46, 47, 48, 51, 53, 54, 55, 56, 57, 58, 62, 63, 64, 66, 68, 70, 73, 74, 75, 76, 77, 78, 79)",[-0.15453106 -0.13694935 -0.16833555 -0.15246545 -0.13983614],-0.15042351035336204,"('_BldgType_1', '_BldgType_3', '_GrLivArea', '_MSSubClass_3', '_OverallQual', '_BuildingAge', '_TotalBsmtSF', '_Functional', '_CentralAir', '_Electrical', '_SaleCondition_Abnorml', '_RoofStyle_1', '_LotArea', '_GarageArea', '_OverallCond', '_Neighborhood_9', '_SaleType_WD', '_ScreenPorch', '_ExterQual', '_BsmtUnfSF', '_Foundation_2', '_HouseStyle_2', '_HouseStyle_3', '_GarageType_BuiltIn', '_Neighborhood_1', '_BsmtQual', '_SaleCondition_Normal', '_PavedDrive', '_Foundation_3', '_MSZoning_1', '_GarageFinish', '_HouseStyle_1', '_BsmtFinSF2', '_Exterior_VinylSd', '_MSSubClass_1', '_GarageType_Attchd', '_HouseStyle_4', '_Exterior_Plywood', '_GarageQual', '_MasVnrType_Stone', '_LandContour_2', '_BsmtFullBath', '_LotShape', '_LotConfig_1', '_Alley', '_Exterior_MetalSd', '_LotConfig_3', '_MasVnrArea', '_GarageType_Detchd', '_Neighborhood_2', '_QuarterSold', '_BsmtFinSF1', '_BedroomAbvGr', '_OpenPorchSF', '_Foundation_1', '_MSSubClass_2')",0.014490513872487195,0.011274112083177325,0.005637056041588662
57,"(1, 2, 3, 4, 5, 6, 7, 8, 9, 10, 11, 12, 13, 14, 16, 17, 18, 19, 21, 22, 23, 24, 25, 27, 29, 31, 32, 34, 35, 36, 42, 43, 44, 46, 47, 48, 51, 52, 53, 54, 55, 56, 57, 58, 62, 63, 64, 66, 68, 70, 73, 74, 75, 76, 77, 78, 79)",[-0.15511514 -0.13333529 -0.17330253 -0.1543085  -0.14091859],-0.1513960099292943,"('_BldgType_1', '_BldgType_3', '_GrLivArea', '_MSSubClass_3', '_OverallQual', '_BuildingAge', '_TotalBsmtSF', '_Functional', '_CentralAir', '_Electrical', '_SaleCondition_Abnorml', '_RoofStyle_1', '_LotArea', '_GarageArea', '_OverallCond', '_Neighborhood_9', '_SaleType_WD', '_ScreenPorch', '_ExterQual', '_BsmtUnfSF', '_Foundation_2', '_HouseStyle_2', '_HouseStyle_3', '_GarageType_BuiltIn', '_Neighborhood_1', '_BsmtQual', '_SaleCondition_Normal', '_PavedDrive', '_Foundation_3', '_MSZoning_1', '_GarageFinish', '_HouseStyle_1', '_BsmtFinSF2', '_Exterior_VinylSd', '_MSSubClass_1', '_GarageType_Attchd', '_HouseStyle_4', '_MasVnrType_BrkFace', '_Exterior_Plywood', '_GarageQual', '_MasVnrType_Stone', '_LandContour_2', '_BsmtFullBath', '_LotShape', '_LotConfig_1', '_Alley', '_Exterior_MetalSd', '_LotConfig_3', '_MasVnrArea', '_GarageType_Detchd', '_Neighborhood_2', '_QuarterSold', '_BsmtFinSF1', '_BedroomAbvGr', '_OpenPorchSF', '_Foundation_1', '_MSSubClass_2')",0.017605914103246023,0.013697999303092932,0.006848999651546466
58,"(0, 1, 2, 3, 4, 5, 6, 7, 8, 9, 10, 11, 12, 13, 14, 16, 17, 18, 19, 21, 22, 23, 24, 25, 27, 29, 31, 32, 34, 35, 36, 42, 43, 44, 46, 47, 48, 51, 52, 53, 54, 55, 56, 57, 58, 62, 63, 64, 66, 68, 70, 73, 74, 75, 76, 77, 78, 79)",[-0.15833183 -0.13757647 -0.16596956 -0.15596363 -0.13451223],-0.1504707435488409,"('_BldgType_2', '_BldgType_1', '_BldgType_3', '_GrLivArea', '_MSSubClass_3', '_OverallQual', '_BuildingAge', '_TotalBsmtSF', '_Functional', '_CentralAir', '_Electrical', '_SaleCondition_Abnorml', '_RoofStyle_1', '_LotArea', '_GarageArea', '_OverallCond', '_Neighborhood_9', '_SaleType_WD', '_ScreenPorch', '_ExterQual', '_BsmtUnfSF', '_Foundation_2', '_HouseStyle_2', '_HouseStyle_3', '_GarageType_BuiltIn', '_Neighborhood_1', '_BsmtQual', '_SaleCondition_Normal', '_PavedDrive', '_Foundation_3', '_MSZoning_1', '_GarageFinish', '_HouseStyle_1', '_BsmtFinSF2', '_Exterior_VinylSd', '_MSSubClass_1', '_GarageType_Attchd', '_HouseStyle_4', '_MasVnrType_BrkFace', '_Exterior_Plywood', '_GarageQual', '_MasVnrType_Stone', '_LandContour_2', '_BsmtFullBath', '_LotShape', '_LotConfig_1', '_Alley', '_Exterior_MetalSd', '_LotConfig_3', '_MasVnrArea', '_GarageType_Detchd', '_Neighborhood_2', '_QuarterSold', '_BsmtFinSF1', '_BedroomAbvGr', '_OpenPorchSF', '_Foundation_1', '_MSSubClass_2')",0.015774222363081215,0.012272880900656067,0.0061364404503280335
59,"(0, 1, 2, 3, 4, 5, 6, 7, 8, 9, 10, 11, 12, 13, 14, 16, 17, 18, 19, 21, 22, 23, 24, 25, 27, 29, 31, 32, 34, 35, 36, 42, 43, 44, 46, 47, 48, 51, 52, 53, 54, 55, 56, 57, 58, 62, 63, 64, 66, 68, 70, 72, 73, 74, 75, 76, 77, 78, 79)",[-0.15569554 -0.13735721 -0.16372193 -0.15813544 -0.13707015],-0.15039605251400948,"('_BldgType_2', '_BldgType_1', '_BldgType_3', '_GrLivArea', '_MSSubClass_3', '_OverallQual', '_BuildingAge', '_TotalBsmtSF', '_Functional', '_CentralAir', '_Electrical', '_SaleCondition_Abnorml', '_RoofStyle_1', '_LotArea', '_GarageArea', '_OverallCond', '_Neighborhood_9', '_SaleType_WD', '_ScreenPorch', '_ExterQual', '_BsmtUnfSF', '_Foundation_2', '_HouseStyle_2', '_HouseStyle_3', '_GarageType_BuiltIn', '_Neighborhood_1', '_BsmtQual', '_SaleCondition_Normal', '_PavedDrive', '_Foundation_3', '_MSZoning_1', '_GarageFinish', '_HouseStyle_1', '_BsmtFinSF2', '_Exterior_VinylSd', '_MSSubClass_1', '_GarageType_Attchd', '_HouseStyle_4', '_MasVnrType_BrkFace', '_Exterior_Plywood', '_GarageQual', '_MasVnrType_Stone', '_LandContour_2', '_BsmtFullBath', '_LotShape', '_LotConfig_1', '_Alley', '_Exterior_MetalSd', '_LotConfig_3', '_MasVnrArea', '_GarageType_Detchd', '_ExterCond', '_Neighborhood_2', '_QuarterSold', '_BsmtFinSF1', '_BedroomAbvGr', '_OpenPorchSF', '_Foundation_1', '_MSSubClass_2')",0.014233141960802068,0.01107386799211655,0.005536933996058274
60,"(0, 1, 2, 3, 4, 5, 6, 7, 8, 9, 10, 11, 12, 13, 14, 16, 17, 18, 19, 21, 22, 23, 24, 25, 27, 29, 31, 32, 34, 35, 36, 42, 43, 44, 46, 47, 48, 51, 52, 53, 54, 55, 56, 57, 58, 62, 63, 64, 65, 66, 68, 70, 72, 73, 74, 75, 76, 77, 78, 79)",[-0.16172371 -0.14344785 -0.16465481 -0.15640454 -0.13677491],-0.15260116441984883,"('_BldgType_2', '_BldgType_1', '_BldgType_3', '_GrLivArea', '_MSSubClass_3', '_OverallQual', '_BuildingAge', '_TotalBsmtSF', '_Functional', '_CentralAir', '_Electrical', '_SaleCondition_Abnorml', '_RoofStyle_1', '_LotArea', '_GarageArea', '_OverallCond', '_Neighborhood_9', '_SaleType_WD', '_ScreenPorch', '_ExterQual', '_BsmtUnfSF', '_Foundation_2', '_HouseStyle_2', '_HouseStyle_3', '_GarageType_BuiltIn', '_Neighborhood_1', '_BsmtQual', '_SaleCondition_Normal', '_PavedDrive', '_Foundation_3', '_MSZoning_1', '_GarageFinish', '_HouseStyle_1', '_BsmtFinSF2', '_Exterior_VinylSd', '_MSSubClass_1', '_GarageType_Attchd', '_HouseStyle_4', '_MasVnrType_BrkFace', '_Exterior_Plywood', '_GarageQual', '_MasVnrType_Stone', '_LandContour_2', '_BsmtFullBath', '_LotShape', '_LotConfig_1', '_Alley', '_Exterior_MetalSd', '_EnclosedPorch', '_LotConfig_3', '_MasVnrArea', '_GarageType_Detchd', '_ExterCond', '_Neighborhood_2', '_QuarterSold', '_BsmtFinSF1', '_BedroomAbvGr', '_OpenPorchSF', '_Foundation_1', '_MSSubClass_2')",0.013809912818038502,0.010744581340561487,0.005372290670280743
61,"(0, 1, 2, 3, 4, 5, 6, 7, 8, 9, 10, 11, 12, 13, 14, 16, 17, 18, 19, 21, 22, 23, 24, 25, 27, 29, 31, 32, 34, 35, 36, 42, 43, 44, 46, 47, 48, 51, 52, 53, 54, 55, 56, 57, 58, 61, 62, 63, 64, 65, 66, 68, 70, 72, 73, 74, 75, 76, 77, 78, 79)",[-0.16082694 -0.14389393 -0.16837769 -0.15546534 -0.12467495],-0.15064776983324657,"('_BldgType_2', '_BldgType_1', '_BldgType_3', '_GrLivArea', '_MSSubClass_3', '_OverallQual', '_BuildingAge', '_TotalBsmtSF', '_Functional', '_CentralAir', '_Electrical', '_SaleCondition_Abnorml', '_RoofStyle_1', '_LotArea', '_GarageArea', '_OverallCond', '_Neighborhood_9', '_SaleType_WD', '_ScreenPorch', '_ExterQual', '_BsmtUnfSF', '_Foundation_2', '_HouseStyle_2', '_HouseStyle_3', '_GarageType_BuiltIn', '_Neighborhood_1', '_BsmtQual', '_SaleCondition_Normal', '_PavedDrive', '_Foundation_3', '_MSZoning_1', '_GarageFinish', '_HouseStyle_1', '_BsmtFinSF2', '_Exterior_VinylSd', '_MSSubClass_1', '_GarageType_Attchd', '_HouseStyle_4', '_MasVnrType_BrkFace', '_Exterior_Plywood', '_GarageQual', '_MasVnrType_Stone', '_LandContour_2', '_BsmtFullBath', '_LotShape', '_Fence', '_LotConfig_1', '_Alley', '_Exterior_MetalSd', '_EnclosedPorch', '_LotConfig_3', '_MasVnrArea', '_GarageType_Detchd', '_ExterCond', '_Neighborhood_2', '_QuarterSold', '_BsmtFinSF1', '_BedroomAbvGr', '_OpenPorchSF', '_Foundation_1', '_MSSubClass_2')",0.01958857748445305,0.015240578771263487,0.007620289385631742
62,"(0, 1, 2, 3, 4, 5, 6, 7, 8, 9, 10, 11, 12, 13, 14, 16, 17, 18, 19, 21, 22, 23, 24, 25, 27, 29, 31, 32, 34, 35, 36, 40, 42, 43, 44, 46, 47, 48, 51, 52, 53, 54, 55, 56, 57, 58, 61, 62, 63, 64, 65, 66, 68, 70, 72, 73, 74, 75, 76, 77, 78, 79)",[-0.16280149 -0.13273198 -0.17618835 -0.16003022 -0.13356696],-0.15306380048741514,"('_BldgType_2', '_BldgType_1', '_BldgType_3', '_GrLivArea', '_MSSubClass_3', '_OverallQual', '_BuildingAge', '_TotalBsmtSF', '_Functional', '_CentralAir', '_Electrical', '_SaleCondition_Abnorml', '_RoofStyle_1', '_LotArea', '_GarageArea', '_OverallCond', '_Neighborhood_9', '_SaleType_WD', '_ScreenPorch', '_ExterQual', '_BsmtUnfSF', '_Foundation_2', '_HouseStyle_2', '_HouseStyle_3', '_GarageType_BuiltIn', '_Neighborhood_1', '_BsmtQual', '_SaleCondition_Normal', '_PavedDrive', '_Foundation_3', '_MSZoning_1', '_HalfBath', '_GarageFinish', '_HouseStyle_1', '_BsmtFinSF2', '_Exterior_VinylSd', '_MSSubClass_1', '_GarageType_Attchd', '_HouseStyle_4', '_MasVnrType_BrkFace', '_Exterior_Plywood', '_GarageQual', '_MasVnrType_Stone', '_LandContour_2', '_BsmtFullBath', '_LotShape', '_Fence', '_LotConfig_1', '_Alley', '_Exterior_MetalSd', '_EnclosedPorch', '_LotConfig_3', '_MasVnrArea', '_GarageType_Detchd', '_ExterCond', '_Neighborhood_2', '_QuarterSold', '_BsmtFinSF1', '_BedroomAbvGr', '_OpenPorchSF', '_Foundation_1', '_MSSubClass_2')",0.022050196795829004,0.017155802224812604,0.0085779011124063
63,"(0, 1, 2, 3, 4, 5, 6, 7, 8, 9, 10, 11, 12, 13, 14, 16, 17, 18, 19, 21, 22, 23, 24, 25, 27, 29, 30, 31, 32, 34, 35, 36, 40, 42, 43, 44, 46, 47, 48, 51, 52, 53, 54, 55, 56, 57, 58, 61, 62, 63, 64, 65, 66, 68, 70, 72, 73, 74, 75, 76, 77, 78, 79)",[-0.15646016 -0.14853678 -0.16937297 -0.16062807 -0.13305542],-0.15361067943541157,"('_BldgType_2', '_BldgType_1', '_BldgType_3', '_GrLivArea', '_MSSubClass_3', '_OverallQual', '_BuildingAge', '_TotalBsmtSF', '_Functional', '_CentralAir', '_Electrical', '_SaleCondition_Abnorml', '_RoofStyle_1', '_LotArea', '_GarageArea', '_OverallCond', '_Neighborhood_9', '_SaleType_WD', '_ScreenPorch', '_ExterQual', '_BsmtUnfSF', '_Foundation_2', '_HouseStyle_2', '_HouseStyle_3', '_GarageType_BuiltIn', '_Neighborhood_1', '_FireplaceQu', '_BsmtQual', '_SaleCondition_Normal', '_PavedDrive', '_Foundation_3', '_MSZoning_1', '_HalfBath', '_GarageFinish', '_HouseStyle_1', '_BsmtFinSF2', '_Exterior_VinylSd', '_MSSubClass_1', '_GarageType_Attchd', '_HouseStyle_4', '_MasVnrType_BrkFace', '_Exterior_Plywood', '_GarageQual', '_MasVnrType_Stone', '_LandContour_2', '_BsmtFullBath', '_LotShape', '_Fence', '_LotConfig_1', '_Alley', '_Exterior_MetalSd', '_EnclosedPorch', '_LotConfig_3', '_MasVnrArea', '_GarageType_Detchd', '_ExterCond', '_Neighborhood_2', '_QuarterSold', '_BsmtFinSF1', '_BedroomAbvGr', '_OpenPorchSF', '_Foundation_1', '_MSSubClass_2')",0.015784255073129076,0.012280686689917436,0.006140343344958718
64,"(0, 1, 2, 3, 4, 5, 6, 7, 8, 9, 10, 11, 12, 13, 14, 15, 16, 17, 18, 19, 21, 22, 23, 24, 25, 27, 29, 30, 31, 32, 34, 35, 36, 40, 42, 43, 44, 46, 47, 48, 51, 52, 53, 54, 55, 56, 57, 58, 61, 62, 63, 64, 65, 66, 68, 70, 72, 73, 74, 75, 76, 77, 78, 79)",[-0.16090403 -0.13771844 -0.16374809 -0.15756852 -0.1383047 ],-0.15164875541896503,"('_BldgType_2', '_BldgType_1', '_BldgType_3', '_GrLivArea', '_MSSubClass_3', '_OverallQual', '_BuildingAge', '_TotalBsmtSF', '_Functional', '_CentralAir', '_Electrical', '_SaleCondition_Abnorml', '_RoofStyle_1', '_LotArea', '_GarageArea', '_KitchenQual', '_OverallCond', '_Neighborhood_9', '_SaleType_WD', '_ScreenPorch', '_ExterQual', '_BsmtUnfSF', '_Foundation_2', '_HouseStyle_2', '_HouseStyle_3', '_GarageType_BuiltIn', '_Neighborhood_1', '_FireplaceQu', '_BsmtQual', '_SaleCondition_Normal', '_PavedDrive', '_Foundation_3', '_MSZoning_1', '_HalfBath', '_GarageFinish', '_HouseStyle_1', '_BsmtFinSF2', '_Exterior_VinylSd', '_MSSubClass_1', '_GarageType_Attchd', '_HouseStyle_4', '_MasVnrType_BrkFace', '_Exterior_Plywood', '_GarageQual', '_MasVnrType_Stone', '_LandContour_2', '_BsmtFullBath', '_LotShape', '_Fence', '_LotConfig_1', '_Alley', '_Exterior_MetalSd', '_EnclosedPorch', '_LotConfig_3', '_MasVnrArea', '_GarageType_Detchd', '_ExterCond', '_Neighborhood_2', '_QuarterSold', '_BsmtFinSF1', '_BedroomAbvGr', '_OpenPorchSF', '_Foundation_1', '_MSSubClass_2')",0.014532485129145472,0.011306767146759,0.005653383573379499
65,"(0, 1, 2, 3, 4, 5, 6, 7, 8, 9, 10, 11, 12, 13, 14, 15, 16, 17, 18, 19, 21, 22, 23, 24, 25, 27, 29, 30, 31, 32, 34, 35, 36, 40, 41, 42, 43, 44, 46, 47, 48, 51, 52, 53, 54, 55, 56, 57, 58, 61, 62, 63, 64, 65, 66, 68, 70, 72, 73, 74, 75, 76, 77, 78, 79)",[-0.15355249 -0.14227382 -0.16305175 -0.15950259 -0.1345254 ],-0.15058120954105939,"('_BldgType_2', '_BldgType_1', '_BldgType_3', '_GrLivArea', '_MSSubClass_3', '_OverallQual', '_BuildingAge', '_TotalBsmtSF', '_Functional', '_CentralAir', '_Electrical', '_SaleCondition_Abnorml', '_RoofStyle_1', '_LotArea', '_GarageArea', '_KitchenQual', '_OverallCond', '_Neighborhood_9', '_SaleType_WD', '_ScreenPorch', '_ExterQual', '_BsmtUnfSF', '_Foundation_2', '_HouseStyle_2', '_HouseStyle_3', '_GarageType_BuiltIn', '_Neighborhood_1', '_FireplaceQu', '_BsmtQual', '_SaleCondition_Normal', '_PavedDrive', '_Foundation_3', '_MSZoning_1', '_HalfBath', '_YearRemodAdd', '_GarageFinish', '_HouseStyle_1', '_BsmtFinSF2', '_Exterior_VinylSd', '_MSSubClass_1', '_GarageType_Attchd', '_HouseStyle_4', '_MasVnrType_BrkFace', '_Exterior_Plywood', '_GarageQual', '_MasVnrType_Stone', '_LandContour_2', '_BsmtFullBath', '_LotShape', '_Fence', '_LotConfig_1', '_Alley', '_Exterior_MetalSd', '_EnclosedPorch', '_LotConfig_3', '_MasVnrArea', '_GarageType_Detchd', '_ExterCond', '_Neighborhood_2', '_QuarterSold', '_BsmtFinSF1', '_BedroomAbvGr', '_OpenPorchSF', '_Foundation_1', '_MSSubClass_2')",0.013732007999861582,0.010683968745337119,0.005341984372668559
66,"(0, 1, 2, 3, 4, 5, 6, 7, 8, 9, 10, 11, 12, 13, 14, 15, 16, 17, 18, 19, 21, 22, 23, 24, 25, 27, 29, 30, 31, 32, 34, 35, 36, 40, 41, 42, 43, 44, 45, 46, 47, 48, 51, 52, 53, 54, 55, 56, 57, 58, 61, 62, 63, 64, 65, 66, 68, 70, 72, 73, 74, 75, 76, 77, 78, 79)",[-0.15943713 -0.13687974 -0.16467587 -0.14951482 -0.13672462],-0.14944643585184583,"('_BldgType_2', '_BldgType_1', '_BldgType_3', '_GrLivArea', '_MSSubClass_3', '_OverallQual', '_BuildingAge', '_TotalBsmtSF', '_Functional', '_CentralAir', '_Electrical', '_SaleCondition_Abnorml', '_RoofStyle_1', '_LotArea', '_GarageArea', '_KitchenQual', '_OverallCond', '_Neighborhood_9', '_SaleType_WD', '_ScreenPorch', '_ExterQual', '_BsmtUnfSF', '_Foundation_2', '_HouseStyle_2', '_HouseStyle_3', '_GarageType_BuiltIn', '_Neighborhood_1', '_FireplaceQu', '_BsmtQual', '_SaleCondition_Normal', '_PavedDrive', '_Foundation_3', '_MSZoning_1', '_HalfBath', '_YearRemodAdd', '_GarageFinish', '_HouseStyle_1', '_BsmtFinSF2', '_WoodDeckSF', '_Exterior_VinylSd', '_MSSubClass_1', '_GarageType_Attchd', '_HouseStyle_4', '_MasVnrType_BrkFace', '_Exterior_Plywood', '_GarageQual', '_MasVnrType_Stone', '_LandContour_2', '_BsmtFullBath', '_LotShape', '_Fence', '_LotConfig_1', '_Alley', '_Exterior_MetalSd', '_EnclosedPorch', '_LotConfig_3', '_MasVnrArea', '_GarageType_Detchd', '_ExterCond', '_Neighborhood_2', '_QuarterSold', '_BsmtFinSF1', '_BedroomAbvGr', '_OpenPorchSF', '_Foundation_1', '_MSSubClass_2')",0.014671704987754953,0.011415084926513348,0.005707542463256673
67,"(0, 1, 2, 3, 4, 5, 6, 7, 8, 9, 10, 11, 12, 13, 14, 15, 16, 17, 18, 19, 21, 22, 23, 24, 25, 26, 27, 29, 30, 31, 32, 34, 35, 36, 40, 41, 42, 43, 44, 45, 46, 47, 48, 51, 52, 53, 54, 55, 56, 57, 58, 61, 62, 63, 64, 65, 66, 68, 70, 72, 73, 74, 75, 76, 77, 78, 79)",[-0.15313516 -0.13460459 -0.17143143 -0.1601497  -0.14066873],-0.15199792289630293,"('_BldgType_2', '_BldgType_1', '_BldgType_3', '_GrLivArea', '_MSSubClass_3', '_OverallQual', '_BuildingAge', '_TotalBsmtSF', '_Functional', '_CentralAir', '_Electrical', '_SaleCondition_Abnorml', '_RoofStyle_1', '_LotArea', '_GarageArea', '_KitchenQual', '_OverallCond', '_Neighborhood_9', '_SaleType_WD', '_ScreenPorch', '_ExterQual', '_BsmtUnfSF', '_Foundation_2', '_HouseStyle_2', '_HouseStyle_3', '_LotConfig_4', '_GarageType_BuiltIn', '_Neighborhood_1', '_FireplaceQu', '_BsmtQual', '_SaleCondition_Normal', '_PavedDrive', '_Foundation_3', '_MSZoning_1', '_HalfBath', '_YearRemodAdd', '_GarageFinish', '_HouseStyle_1', '_BsmtFinSF2', '_WoodDeckSF', '_Exterior_VinylSd', '_MSSubClass_1', '_GarageType_Attchd', '_HouseStyle_4', '_MasVnrType_BrkFace', '_Exterior_Plywood', '_GarageQual', '_MasVnrType_Stone', '_LandContour_2', '_BsmtFullBath', '_LotShape', '_Fence', '_LotConfig_1', '_Alley', '_Exterior_MetalSd', '_EnclosedPorch', '_LotConfig_3', '_MasVnrArea', '_GarageType_Detchd', '_ExterCond', '_Neighborhood_2', '_QuarterSold', '_BsmtFinSF1', '_BedroomAbvGr', '_OpenPorchSF', '_Foundation_1', '_MSSubClass_2')",0.017015277800683692,0.013238464193842992,0.006619232096921495
68,"(0, 1, 2, 3, 4, 5, 6, 7, 8, 9, 10, 11, 12, 13, 14, 15, 16, 17, 18, 19, 21, 22, 23, 24, 25, 26, 27, 29, 30, 31, 32, 34, 35, 36, 39, 40, 41, 42, 43, 44, 45, 46, 47, 48, 51, 52, 53, 54, 55, 56, 57, 58, 61, 62, 63, 64, 65, 66, 68, 70, 72, 73, 74, 75, 76, 77, 78, 79)",[-0.15522794 -0.14064865 -0.16568852 -0.15846249 -0.12996643],-0.1499988065341201,"('_BldgType_2', '_BldgType_1', '_BldgType_3', '_GrLivArea', '_MSSubClass_3', '_OverallQual', '_BuildingAge', '_TotalBsmtSF', '_Functional', '_CentralAir', '_Electrical', '_SaleCondition_Abnorml', '_RoofStyle_1', '_LotArea', '_GarageArea', '_KitchenQual', '_OverallCond', '_Neighborhood_9', '_SaleType_WD', '_ScreenPorch', '_ExterQual', '_BsmtUnfSF', '_Foundation_2', '_HouseStyle_2', '_HouseStyle_3', '_LotConfig_4', '_GarageType_BuiltIn', '_Neighborhood_1', '_FireplaceQu', '_BsmtQual', '_SaleCondition_Normal', '_PavedDrive', '_Foundation_3', '_MSZoning_1', '_YrSold', '_HalfBath', '_YearRemodAdd', '_GarageFinish', '_HouseStyle_1', '_BsmtFinSF2', '_WoodDeckSF', '_Exterior_VinylSd', '_MSSubClass_1', '_GarageType_Attchd', '_HouseStyle_4', '_MasVnrType_BrkFace', '_Exterior_Plywood', '_GarageQual', '_MasVnrType_Stone', '_LandContour_2', '_BsmtFullBath', '_LotShape', '_Fence', '_LotConfig_1', '_Alley', '_Exterior_MetalSd', '_EnclosedPorch', '_LotConfig_3', '_MasVnrArea', '_GarageType_Detchd', '_ExterCond', '_Neighborhood_2', '_QuarterSold', '_BsmtFinSF1', '_BedroomAbvGr', '_OpenPorchSF', '_Foundation_1', '_MSSubClass_2')",0.016598342942515536,0.012914074709540693,0.0064570373547703465
69,"(0, 1, 2, 3, 4, 5, 6, 7, 8, 9, 10, 11, 12, 13, 14, 15, 16, 17, 18, 19, 21, 22, 23, 24, 25, 26, 27, 29, 30, 31, 32, 34, 35, 36, 39, 40, 41, 42, 43, 44, 45, 46, 47, 48, 49, 51, 52, 53, 54, 55, 56, 57, 58, 61, 62, 63, 64, 65, 66, 68, 70, 72, 73, 74, 75, 76, 77, 78, 79)",[-0.15212466 -0.12908169 -0.16989847 -0.14890626 -0.15983716],-0.1519696472499349,"('_BldgType_2', '_BldgType_1', '_BldgType_3', '_GrLivArea', '_MSSubClass_3', '_OverallQual', '_BuildingAge', '_TotalBsmtSF', '_Functional', '_CentralAir', '_Electrical', '_SaleCondition_Abnorml', '_RoofStyle_1', '_LotArea', '_GarageArea', '_KitchenQual', '_OverallCond', '_Neighborhood_9', '_SaleType_WD', '_ScreenPorch', '_ExterQual', '_BsmtUnfSF', '_Foundation_2', '_HouseStyle_2', '_HouseStyle_3', '_LotConfig_4', '_GarageType_BuiltIn', '_Neighborhood_1', '_FireplaceQu', '_BsmtQual', '_SaleCondition_Normal', '_PavedDrive', '_Foundation_3', '_MSZoning_1', '_YrSold', '_HalfBath', '_YearRemodAdd', '_GarageFinish', '_HouseStyle_1', '_BsmtFinSF2', '_WoodDeckSF', '_Exterior_VinylSd', '_MSSubClass_1', '_GarageType_Attchd', '_LotFrontage', '_HouseStyle_4', '_MasVnrType_BrkFace', '_Exterior_Plywood', '_GarageQual', '_MasVnrType_Stone', '_LandContour_2', '_BsmtFullBath', '_LotShape', '_Fence', '_LotConfig_1', '_Alley', '_Exterior_MetalSd', '_EnclosedPorch', '_LotConfig_3', '_MasVnrArea', '_GarageType_Detchd', '_ExterCond', '_Neighborhood_2', '_QuarterSold', '_BsmtFinSF1', '_BedroomAbvGr', '_OpenPorchSF', '_Foundation_1', '_MSSubClass_2')",0.01740235755162784,0.013539625390448898,0.006769812695224448
70,"(0, 1, 2, 3, 4, 5, 6, 7, 8, 9, 10, 11, 12, 13, 14, 15, 16, 17, 18, 19, 21, 22, 23, 24, 25, 26, 27, 29, 30, 31, 32, 34, 35, 36, 39, 40, 41, 42, 43, 44, 45, 46, 47, 48, 49, 51, 52, 53, 54, 55, 56, 57, 58, 59, 61, 62, 63, 64, 65, 66, 68, 70, 72, 73, 74, 75, 76, 77, 78, 79)",[-0.16939044 -0.135077   -0.17300273 -0.15200094 -0.13500814],-0.15289584981254425,"('_BldgType_2', '_BldgType_1', '_BldgType_3', '_GrLivArea', '_MSSubClass_3', '_OverallQual', '_BuildingAge', '_TotalBsmtSF', '_Functional', '_CentralAir', '_Electrical', '_SaleCondition_Abnorml', '_RoofStyle_1', '_LotArea', '_GarageArea', '_KitchenQual', '_OverallCond', '_Neighborhood_9', '_SaleType_WD', '_ScreenPorch', '_ExterQual', '_BsmtUnfSF', '_Foundation_2', '_HouseStyle_2', '_HouseStyle_3', '_LotConfig_4', '_GarageType_BuiltIn', '_Neighborhood_1', '_FireplaceQu', '_BsmtQual', '_SaleCondition_Normal', '_PavedDrive', '_Foundation_3', '_MSZoning_1', '_YrSold', '_HalfBath', '_YearRemodAdd', '_GarageFinish', '_HouseStyle_1', '_BsmtFinSF2', '_WoodDeckSF', '_Exterior_VinylSd', '_MSSubClass_1', '_GarageType_Attchd', '_LotFrontage', '_HouseStyle_4', '_MasVnrType_BrkFace', '_Exterior_Plywood', '_GarageQual', '_MasVnrType_Stone', '_LandContour_2', '_BsmtFullBath', '_LotShape', '_Exterior_WdSdng', '_Fence', '_LotConfig_1', '_Alley', '_Exterior_MetalSd', '_EnclosedPorch', '_LotConfig_3', '_MasVnrArea', '_GarageType_Detchd', '_ExterCond', '_Neighborhood_2', '_QuarterSold', '_BsmtFinSF1', '_BedroomAbvGr', '_OpenPorchSF', '_Foundation_1', '_MSSubClass_2')",0.020841067671683457,0.01621505868813697,0.008107529344068484
71,"(0, 1, 2, 3, 4, 5, 6, 7, 8, 9, 10, 11, 12, 13, 14, 15, 16, 17, 18, 19, 21, 22, 23, 24, 25, 26, 27, 29, 30, 31, 32, 34, 35, 36, 39, 40, 41, 42, 43, 44, 45, 46, 47, 48, 49, 51, 52, 53, 54, 55, 56, 57, 58, 59, 60, 61, 62, 63, 64, 65, 66, 68, 70, 72, 73, 74, 75, 76, 77, 78, 79)",[-0.16319131 -0.1313555  -0.17054944 -0.16111379 -0.13778218],-0.15279844631560252,"('_BldgType_2', '_BldgType_1', '_BldgType_3', '_GrLivArea', '_MSSubClass_3', '_OverallQual', '_BuildingAge', '_TotalBsmtSF', '_Functional', '_CentralAir', '_Electrical', '_SaleCondition_Abnorml', '_RoofStyle_1', '_LotArea', '_GarageArea', '_KitchenQual', '_OverallCond', '_Neighborhood_9', '_SaleType_WD', '_ScreenPorch', '_ExterQual', '_BsmtUnfSF', '_Foundation_2', '_HouseStyle_2', '_HouseStyle_3', '_LotConfig_4', '_GarageType_BuiltIn', '_Neighborhood_1', '_FireplaceQu', '_BsmtQual', '_SaleCondition_Normal', '_PavedDrive', '_Foundation_3', '_MSZoning_1', '_YrSold', '_HalfBath', '_YearRemodAdd', '_GarageFinish', '_HouseStyle_1', '_BsmtFinSF2', '_WoodDeckSF', '_Exterior_VinylSd', '_MSSubClass_1', '_GarageType_Attchd', '_LotFrontage', '_HouseStyle_4', '_MasVnrType_BrkFace', '_Exterior_Plywood', '_GarageQual', '_MasVnrType_Stone', '_LandContour_2', '_BsmtFullBath', '_LotShape', '_Exterior_WdSdng', '_Neighborhood_8', '_Fence', '_LotConfig_1', '_Alley', '_Exterior_MetalSd', '_EnclosedPorch', '_LotConfig_3', '_MasVnrArea', '_GarageType_Detchd', '_ExterCond', '_Neighborhood_2', '_QuarterSold', '_BsmtFinSF1', '_BedroomAbvGr', '_OpenPorchSF', '_Foundation_1', '_MSSubClass_2')",0.019724442605916225,0.015346286451546563,0.007673143225773281
72,"(0, 1, 2, 3, 4, 5, 6, 7, 8, 9, 10, 11, 12, 13, 14, 15, 16, 17, 18, 19, 21, 22, 23, 24, 25, 26, 27, 29, 30, 31, 32, 33, 34, 35, 36, 39, 40, 41, 42, 43, 44, 45, 46, 47, 48, 49, 51, 52, 53, 54, 55, 56, 57, 58, 59, 60, 61, 62, 63, 64, 65, 66, 68, 70, 72, 73, 74, 75, 76, 77, 78, 79)",[-0.15227388 -0.13495322 -0.16301721 -0.15756971 -0.14283593],-0.15012998905718145,"('_BldgType_2', '_BldgType_1', '_BldgType_3', '_GrLivArea', '_MSSubClass_3', '_OverallQual', '_BuildingAge', '_TotalBsmtSF', '_Functional', '_CentralAir', '_Electrical', '_SaleCondition_Abnorml', '_RoofStyle_1', '_LotArea', '_GarageArea', '_KitchenQual', '_OverallCond', '_Neighborhood_9', '_SaleType_WD', '_ScreenPorch', '_ExterQual', '_BsmtUnfSF', '_Foundation_2', '_HouseStyle_2', '_HouseStyle_3', '_LotConfig_4', '_GarageType_BuiltIn', '_Neighborhood_1', '_FireplaceQu', '_BsmtQual', '_SaleCondition_Normal', '_BsmtFinType1', '_PavedDrive', '_Foundation_3', '_MSZoning_1', '_YrSold', '_HalfBath', '_YearRemodAdd', '_GarageFinish', '_HouseStyle_1', '_BsmtFinSF2', '_WoodDeckSF', '_Exterior_VinylSd', '_MSSubClass_1', '_GarageType_Attchd', '_LotFrontage', '_HouseStyle_4', '_MasVnrType_BrkFace', '_Exterior_Plywood', '_GarageQual', '_MasVnrType_Stone', '_LandContour_2', '_BsmtFullBath', '_LotShape', '_Exterior_WdSdng', '_Neighborhood_8', '_Fence', '_LotConfig_1', '_Alley', '_Exterior_MetalSd', '_EnclosedPorch', '_LotConfig_3', '_MasVnrArea', '_GarageType_Detchd', '_ExterCond', '_Neighborhood_2', '_QuarterSold', '_BsmtFinSF1', '_BedroomAbvGr', '_OpenPorchSF', '_Foundation_1', '_MSSubClass_2')",0.012975252801828,0.010095187491805685,0.005047593745902842
73,"(0, 1, 2, 3, 4, 5, 6, 7, 8, 9, 10, 11, 12, 13, 14, 15, 16, 17, 18, 19, 21, 22, 23, 24, 25, 26, 27, 28, 29, 30, 31, 32, 33, 34, 35, 36, 39, 40, 41, 42, 43, 44, 45, 46, 47, 48, 49, 51, 52, 53, 54, 55, 56, 57, 58, 59, 60, 61, 62, 63, 64, 65, 66, 68, 70, 72, 73, 74, 75, 76, 77, 78, 79)",[-0.16370678 -0.13638264 -0.16936216 -0.15979813 -0.13379212],-0.15260836718601017,"('_BldgType_2', '_BldgType_1', '_BldgType_3', '_GrLivArea', '_MSSubClass_3', '_OverallQual', '_BuildingAge', '_TotalBsmtSF', '_Functional', '_CentralAir', '_Electrical', '_SaleCondition_Abnorml', '_RoofStyle_1', '_LotArea', '_GarageArea', '_KitchenQual', '_OverallCond', '_Neighborhood_9', '_SaleType_WD', '_ScreenPorch', '_ExterQual', '_BsmtUnfSF', '_Foundation_2', '_HouseStyle_2', '_HouseStyle_3', '_LotConfig_4', '_GarageType_BuiltIn', '_FullBath', '_Neighborhood_1', '_FireplaceQu', '_BsmtQual', '_SaleCondition_Normal', '_BsmtFinType1', '_PavedDrive', '_Foundation_3', '_MSZoning_1', '_YrSold', '_HalfBath', '_YearRemodAdd', '_GarageFinish', '_HouseStyle_1', '_BsmtFinSF2', '_WoodDeckSF', '_Exterior_VinylSd', '_MSSubClass_1', '_GarageType_Attchd', '_LotFrontage', '_HouseStyle_4', '_MasVnrType_BrkFace', '_Exterior_Plywood', '_GarageQual', '_MasVnrType_Stone', '_LandContour_2', '_BsmtFullBath', '_LotShape', '_Exterior_WdSdng', '_Neighborhood_8', '_Fence', '_LotConfig_1', '_Alley', '_Exterior_MetalSd', '_EnclosedPorch', '_LotConfig_3', '_MasVnrArea', '_GarageType_Detchd', '_ExterCond', '_Neighborhood_2', '_QuarterSold', '_BsmtFinSF1', '_BedroomAbvGr', '_OpenPorchSF', '_Foundation_1', '_MSSubClass_2')",0.018827491755059874,0.014648428217211903,0.007324214108605951
74,"(0, 1, 2, 3, 4, 5, 6, 7, 8, 9, 10, 11, 12, 13, 14, 15, 16, 17, 18, 19, 21, 22, 23, 24, 25, 26, 27, 28, 29, 30, 31, 32, 33, 34, 35, 36, 39, 40, 41, 42, 43, 44, 45, 46, 47, 48, 49, 51, 52, 53, 54, 55, 56, 57, 58, 59, 60, 61, 62, 63, 64, 65, 66, 67, 68, 70, 72, 73, 74, 75, 76, 77, 78, 79)",[-0.17012435 -0.12831564 -0.172047   -0.15345882 -0.15588635],-0.1559664323872762,"('_BldgType_2', '_BldgType_1', '_BldgType_3', '_GrLivArea', '_MSSubClass_3', '_OverallQual', '_BuildingAge', '_TotalBsmtSF', '_Functional', '_CentralAir', '_Electrical', '_SaleCondition_Abnorml', '_RoofStyle_1', '_LotArea', '_GarageArea', '_KitchenQual', '_OverallCond', '_Neighborhood_9', '_SaleType_WD', '_ScreenPorch', '_ExterQual', '_BsmtUnfSF', '_Foundation_2', '_HouseStyle_2', '_HouseStyle_3', '_LotConfig_4', '_GarageType_BuiltIn', '_FullBath', '_Neighborhood_1', '_FireplaceQu', '_BsmtQual', '_SaleCondition_Normal', '_BsmtFinType1', '_PavedDrive', '_Foundation_3', '_MSZoning_1', '_YrSold', '_HalfBath', '_YearRemodAdd', '_GarageFinish', '_HouseStyle_1', '_BsmtFinSF2', '_WoodDeckSF', '_Exterior_VinylSd', '_MSSubClass_1', '_GarageType_Attchd', '_LotFrontage', '_HouseStyle_4', '_MasVnrType_BrkFace', '_Exterior_Plywood', '_GarageQual', '_MasVnrType_Stone', '_LandContour_2', '_BsmtFullBath', '_LotShape', '_Exterior_WdSdng', '_Neighborhood_8', '_Fence', '_LotConfig_1', '_Alley', '_Exterior_MetalSd', '_EnclosedPorch', '_LotConfig_3', '_BsmtCond', '_MasVnrArea', '_GarageType_Detchd', '_ExterCond', '_Neighborhood_2', '_QuarterSold', '_BsmtFinSF1', '_BedroomAbvGr', '_OpenPorchSF', '_Foundation_1', '_MSSubClass_2')",0.020158115907046276,0.01568369901313314,0.007841849506566568
75,"(0, 1, 2, 3, 4, 5, 6, 7, 8, 9, 10, 11, 12, 13, 14, 15, 16, 17, 18, 19, 21, 22, 23, 24, 25, 26, 27, 28, 29, 30, 31, 32, 33, 34, 35, 36, 39, 40, 41, 42, 43, 44, 45, 46, 47, 48, 49, 50, 51, 52, 53, 54, 55, 56, 57, 58, 59, 60, 61, 62, 63, 64, 65, 66, 67, 68, 70, 72, 73, 74, 75, 76, 77, 78, 79)",[-0.1566582  -0.14856741 -0.16999644 -0.15909567 -0.1367314 ],-0.15420982206192468,"('_BldgType_2', '_BldgType_1', '_BldgType_3', '_GrLivArea', '_MSSubClass_3', '_OverallQual', '_BuildingAge', '_TotalBsmtSF', '_Functional', '_CentralAir', '_Electrical', '_SaleCondition_Abnorml', '_RoofStyle_1', '_LotArea', '_GarageArea', '_KitchenQual', '_OverallCond', '_Neighborhood_9', '_SaleType_WD', '_ScreenPorch', '_ExterQual', '_BsmtUnfSF', '_Foundation_2', '_HouseStyle_2', '_HouseStyle_3', '_LotConfig_4', '_GarageType_BuiltIn', '_FullBath', '_Neighborhood_1', '_FireplaceQu', '_BsmtQual', '_SaleCondition_Normal', '_BsmtFinType1', '_PavedDrive', '_Foundation_3', '_MSZoning_1', '_YrSold', '_HalfBath', '_YearRemodAdd', '_GarageFinish', '_HouseStyle_1', '_BsmtFinSF2', '_WoodDeckSF', '_Exterior_VinylSd', '_MSSubClass_1', '_GarageType_Attchd', '_LotFrontage', '_Exterior_HdBoard', '_HouseStyle_4', '_MasVnrType_BrkFace', '_Exterior_Plywood', '_GarageQual', '_MasVnrType_Stone', '_LandContour_2', '_BsmtFullBath', '_LotShape', '_Exterior_WdSdng', '_Neighborhood_8', '_Fence', '_LotConfig_1', '_Alley', '_Exterior_MetalSd', '_EnclosedPorch', '_LotConfig_3', '_BsmtCond', '_MasVnrArea', '_GarageType_Detchd', '_ExterCond', '_Neighborhood_2', '_QuarterSold', '_BsmtFinSF1', '_BedroomAbvGr', '_OpenPorchSF', '_Foundation_1', '_MSSubClass_2')",0.014270960368442408,0.011103291998076338,0.005551645999038169
76,"(0, 1, 2, 3, 4, 5, 6, 7, 8, 9, 10, 11, 12, 13, 14, 15, 16, 17, 18, 19, 21, 22, 23, 24, 25, 26, 27, 28, 29, 30, 31, 32, 33, 34, 35, 36, 39, 40, 41, 42, 43, 44, 45, 46, 47, 48, 49, 50, 51, 52, 53, 54, 55, 56, 57, 58, 59, 60, 61, 62, 63, 64, 65, 66, 67, 68, 69, 70, 72, 73, 74, 75, 76, 77, 78, 79)",[-0.16391923 -0.13832503 -0.1733023  -0.15240121 -0.13119757],-0.15182906746402733,"('_BldgType_2', '_BldgType_1', '_BldgType_3', '_GrLivArea', '_MSSubClass_3', '_OverallQual', '_BuildingAge', '_TotalBsmtSF', '_Functional', '_CentralAir', '_Electrical', '_SaleCondition_Abnorml', '_RoofStyle_1', '_LotArea', '_GarageArea', '_KitchenQual', '_OverallCond', '_Neighborhood_9', '_SaleType_WD', '_ScreenPorch', '_ExterQual', '_BsmtUnfSF', '_Foundation_2', '_HouseStyle_2', '_HouseStyle_3', '_LotConfig_4', '_GarageType_BuiltIn', '_FullBath', '_Neighborhood_1', '_FireplaceQu', '_BsmtQual', '_SaleCondition_Normal', '_BsmtFinType1', '_PavedDrive', '_Foundation_3', '_MSZoning_1', '_YrSold', '_HalfBath', '_YearRemodAdd', '_GarageFinish', '_HouseStyle_1', '_BsmtFinSF2', '_WoodDeckSF', '_Exterior_VinylSd', '_MSSubClass_1', '_GarageType_Attchd', '_LotFrontage', '_Exterior_HdBoard', '_HouseStyle_4', '_MasVnrType_BrkFace', '_Exterior_Plywood', '_GarageQual', '_MasVnrType_Stone', '_LandContour_2', '_BsmtFullBath', '_LotShape', '_Exterior_WdSdng', '_Neighborhood_8', '_Fence', '_LotConfig_1', '_Alley', '_Exterior_MetalSd', '_EnclosedPorch', '_LotConfig_3', '_BsmtCond', '_MasVnrArea', '_SaleCondition_Partial', '_GarageType_Detchd', '_ExterCond', '_Neighborhood_2', '_QuarterSold', '_BsmtFinSF1', '_BedroomAbvGr', '_OpenPorchSF', '_Foundation_1', '_MSSubClass_2')",0.020040788896030885,0.015592414612578978,0.007796207306289489
77,"(0, 1, 2, 3, 4, 5, 6, 7, 8, 9, 10, 11, 12, 13, 14, 15, 16, 17, 18, 19, 21, 22, 23, 24, 25, 26, 27, 28, 29, 30, 31, 32, 33, 34, 35, 36, 38, 39, 40, 41, 42, 43, 44, 45, 46, 47, 48, 49, 50, 51, 52, 53, 54, 55, 56, 57, 58, 59, 60, 61, 62, 63, 64, 65, 66, 67, 68, 69, 70, 72, 73, 74, 75, 76, 77, 78, 79)",[-0.16540148 -0.14425721 -0.17409081 -0.15036445 -0.13626999],-0.15407678904162453,"('_BldgType_2', '_BldgType_1', '_BldgType_3', '_GrLivArea', '_MSSubClass_3', '_OverallQual', '_BuildingAge', '_TotalBsmtSF', '_Functional', '_CentralAir', '_Electrical', '_SaleCondition_Abnorml', '_RoofStyle_1', '_LotArea', '_GarageArea', '_KitchenQual', '_OverallCond', '_Neighborhood_9', '_SaleType_WD', '_ScreenPorch', '_ExterQual', '_BsmtUnfSF', '_Foundation_2', '_HouseStyle_2', '_HouseStyle_3', '_LotConfig_4', '_GarageType_BuiltIn', '_FullBath', '_Neighborhood_1', '_FireplaceQu', '_BsmtQual', '_SaleCondition_Normal', '_BsmtFinType1', '_PavedDrive', '_Foundation_3', '_MSZoning_1', '_HeatingQC', '_YrSold', '_HalfBath', '_YearRemodAdd', '_GarageFinish', '_HouseStyle_1', '_BsmtFinSF2', '_WoodDeckSF', '_Exterior_VinylSd', '_MSSubClass_1', '_GarageType_Attchd', '_LotFrontage', '_Exterior_HdBoard', '_HouseStyle_4', '_MasVnrType_BrkFace', '_Exterior_Plywood', '_GarageQual', '_MasVnrType_Stone', '_LandContour_2', '_BsmtFullBath', '_LotShape', '_Exterior_WdSdng', '_Neighborhood_8', '_Fence', '_LotConfig_1', '_Alley', '_Exterior_MetalSd', '_EnclosedPorch', '_LotConfig_3', '_BsmtCond', '_MasVnrArea', '_SaleCondition_Partial', '_GarageType_Detchd', '_ExterCond', '_Neighborhood_2', '_QuarterSold', '_BsmtFinSF1', '_BedroomAbvGr', '_OpenPorchSF', '_Foundation_1', '_MSSubClass_2')",0.01777327751678625,0.013828213724712459,0.006914106862356229
78,"(0, 1, 2, 3, 4, 5, 6, 7, 8, 9, 10, 11, 12, 13, 14, 15, 16, 17, 18, 19, 21, 22, 23, 24, 25, 26, 27, 28, 29, 30, 31, 32, 33, 34, 35, 36, 37, 38, 39, 40, 41, 42, 43, 44, 45, 46, 47, 48, 49, 50, 51, 52, 53, 54, 55, 56, 57, 58, 59, 60, 61, 62, 63, 64, 65, 66, 67, 68, 69, 70, 72, 73, 74, 75, 76, 77, 78, 79)",[-0.14690304 -0.13403558 -0.17243877 -0.14937402 -0.13732088],-0.14801445911906605,"('_BldgType_2', '_BldgType_1', '_BldgType_3', '_GrLivArea', '_MSSubClass_3', '_OverallQual', '_BuildingAge', '_TotalBsmtSF', '_Functional', '_CentralAir', '_Electrical', '_SaleCondition_Abnorml', '_RoofStyle_1', '_LotArea', '_GarageArea', '_KitchenQual', '_OverallCond', '_Neighborhood_9', '_SaleType_WD', '_ScreenPorch', '_ExterQual', '_BsmtUnfSF', '_Foundation_2', '_HouseStyle_2', '_HouseStyle_3', '_LotConfig_4', '_GarageType_BuiltIn', '_FullBath', '_Neighborhood_1', '_FireplaceQu', '_BsmtQual', '_SaleCondition_Normal', '_BsmtFinType1', '_PavedDrive', '_Foundation_3', '_MSZoning_1', '_Neighborhood_5', '_HeatingQC', '_YrSold', '_HalfBath', '_YearRemodAdd', '_GarageFinish', '_HouseStyle_1', '_BsmtFinSF2', '_WoodDeckSF', '_Exterior_VinylSd', '_MSSubClass_1', '_GarageType_Attchd', '_LotFrontage', '_Exterior_HdBoard', '_HouseStyle_4', '_MasVnrType_BrkFace', '_Exterior_Plywood', '_GarageQual', '_MasVnrType_Stone', '_LandContour_2', '_BsmtFullBath', '_LotShape', '_Exterior_WdSdng', '_Neighborhood_8', '_Fence', '_LotConfig_1', '_Alley', '_Exterior_MetalSd', '_EnclosedPorch', '_LotConfig_3', '_BsmtCond', '_MasVnrArea', '_SaleCondition_Partial', '_GarageType_Detchd', '_ExterCond', '_Neighborhood_2', '_QuarterSold', '_BsmtFinSF1', '_BedroomAbvGr', '_OpenPorchSF', '_Foundation_1', '_MSSubClass_2')",0.01733373357120801,0.013486233602300104,0.006743116801150052
79,"(0, 1, 2, 3, 4, 5, 6, 7, 8, 9, 10, 11, 12, 13, 14, 15, 16, 17, 18, 19, 20, 21, 22, 23, 24, 25, 26, 27, 28, 29, 30, 31, 32, 33, 34, 35, 36, 37, 38, 39, 40, 41, 42, 43, 44, 45, 46, 47, 48, 49, 50, 51, 52, 53, 54, 55, 56, 57, 58, 59, 60, 61, 62, 63, 64, 65, 66, 67, 68, 69, 70, 72, 73, 74, 75, 76, 77, 78, 79)",[-0.16506254 -0.14122262 -0.1617514  -0.16278202 -0.13436742],-0.1530371999734284,"('_BldgType_2', '_BldgType_1', '_BldgType_3', '_GrLivArea', '_MSSubClass_3', '_OverallQual', '_BuildingAge', '_TotalBsmtSF', '_Functional', '_CentralAir', '_Electrical', '_SaleCondition_Abnorml', '_RoofStyle_1', '_LotArea', '_GarageArea', '_KitchenQual', '_OverallCond', '_Neighborhood_9', '_SaleType_WD', '_ScreenPorch', '_BsmtExposure', '_ExterQual', '_BsmtUnfSF', '_Foundation_2', '_HouseStyle_2', '_HouseStyle_3', '_LotConfig_4', '_GarageType_BuiltIn', '_FullBath', '_Neighborhood_1', '_FireplaceQu', '_BsmtQual', '_SaleCondition_Normal', '_BsmtFinType1', '_PavedDrive', '_Foundation_3', '_MSZoning_1', '_Neighborhood_5', '_HeatingQC', '_YrSold', '_HalfBath', '_YearRemodAdd', '_GarageFinish', '_HouseStyle_1', '_BsmtFinSF2', '_WoodDeckSF', '_Exterior_VinylSd', '_MSSubClass_1', '_GarageType_Attchd', '_LotFrontage', '_Exterior_HdBoard', '_HouseStyle_4', '_MasVnrType_BrkFace', '_Exterior_Plywood', '_GarageQual', '_MasVnrType_Stone', '_LandContour_2', '_BsmtFullBath', '_LotShape', '_Exterior_WdSdng', '_Neighborhood_8', '_Fence', '_LotConfig_1', '_Alley', '_Exterior_MetalSd', '_EnclosedPorch', '_LotConfig_3', '_BsmtCond', '_MasVnrArea', '_SaleCondition_Partial', '_GarageType_Detchd', '_ExterCond', '_Neighborhood_2', '_QuarterSold', '_BsmtFinSF1', '_BedroomAbvGr', '_OpenPorchSF', '_Foundation_1', '_MSSubClass_2')",0.01629485705225751,0.012677952376506789,0.006338976188253394
80,"(0, 1, 2, 3, 4, 5, 6, 7, 8, 9, 10, 11, 12, 13, 14, 15, 16, 17, 18, 19, 20, 21, 22, 23, 24, 25, 26, 27, 28, 29, 30, 31, 32, 33, 34, 35, 36, 37, 38, 39, 40, 41, 42, 43, 44, 45, 46, 47, 48, 49, 50, 51, 52, 53, 54, 55, 56, 57, 58, 59, 60, 61, 62, 63, 64, 65, 66, 67, 68, 69, 70, 71, 72, 73, 74, 75, 76, 77, 78, 79)",[-0.16801775 -0.14061298 -0.16652092 -0.1654185  -0.14565573],-0.15724517425840787,"('_BldgType_2', '_BldgType_1', '_BldgType_3', '_GrLivArea', '_MSSubClass_3', '_OverallQual', '_BuildingAge', '_TotalBsmtSF', '_Functional', '_CentralAir', '_Electrical', '_SaleCondition_Abnorml', '_RoofStyle_1', '_LotArea', '_GarageArea', '_KitchenQual', '_OverallCond', '_Neighborhood_9', '_SaleType_WD', '_ScreenPorch', '_BsmtExposure', '_ExterQual', '_BsmtUnfSF', '_Foundation_2', '_HouseStyle_2', '_HouseStyle_3', '_LotConfig_4', '_GarageType_BuiltIn', '_FullBath', '_Neighborhood_1', '_FireplaceQu', '_BsmtQual', '_SaleCondition_Normal', '_BsmtFinType1', '_PavedDrive', '_Foundation_3', '_MSZoning_1', '_Neighborhood_5', '_HeatingQC', '_YrSold', '_HalfBath', '_YearRemodAdd', '_GarageFinish', '_HouseStyle_1', '_BsmtFinSF2', '_WoodDeckSF', '_Exterior_VinylSd', '_MSSubClass_1', '_GarageType_Attchd', '_LotFrontage', '_Exterior_HdBoard', '_HouseStyle_4', '_MasVnrType_BrkFace', '_Exterior_Plywood', '_GarageQual', '_MasVnrType_Stone', '_LandContour_2', '_BsmtFullBath', '_LotShape', '_Exterior_WdSdng', '_Neighborhood_8', '_Fence', '_LotConfig_1', '_Alley', '_Exterior_MetalSd', '_EnclosedPorch', '_LotConfig_3', '_BsmtCond', '_MasVnrArea', '_SaleCondition_Partial', '_GarageType_Detchd', '_MSZoning_3', '_ExterCond', '_Neighborhood_2', '_QuarterSold', '_BsmtFinSF1', '_BedroomAbvGr', '_OpenPorchSF', '_Foundation_1', '_MSSubClass_2')",0.01498713315822556,0.011660498759271151,0.005830249379635575
